volatility_window,threshold_multiplier,training_rows,training_start,training_end,down_share,flat_share,up_share,minimum_class_share,up_down_share_gap,median_threshold_pct,threshold_p25_pct,threshold_p75_pct,median_flat_abs_return_pct,flat_share_block_min,flat_share_block_max,flat_share_block_std,flat_share_block_range
10,0.1,3423,2007-02-14,2020-09-22,0.4040315512708151,0.10487876132047912,0.4910896874087058,0.10487876132047912,0.08705813613789071,0.08045837837639853,0.053498434489281814,0.12234164245990356,0.03770514119653767,0.09649122807017543,0.1154970760233918,0.0061714893607854775,0.019005847953216373
10,0.15,3423,2007-02-14,2020-09-22,0.3835816535203038,0.1481156879929886,0.46830265848670755,0.1481156879929886,0.08472100496640372,0.12068756756459781,0.08024765173392273,0.18351246368985533,0.052934662840060424,0.13450292397660818,0.16812865497076024,0.011103962590450642,0.03362573099415206
10,0.2,3423,2007-02-14,2020-09-22,0.36342389716622847,0.18872334209757521,0.44785276073619634,0.18872334209757521,0.08442886356996787,0.16091675675279707,0.10699686897856363,0.24468328491980712,0.06688438060266585,0.17251461988304093,0.20614035087719298,0.012453233549862467,0.03362573099415206
10,0.25,3423,2007-02-14,2020-09-22,0.3420975752264096,0.2275781478235466,0.4303242769500438,0.2275781478235466,0.08822670172363423,0.20114594594099633,0.13374608622320455,0.3058541061497589,0.08257994924441352,0.20029239766081872,0.24269005847953215,0.014367213221535988,0.042397660818713434
10,0.3,3423,2007-02-14,2020-09-22,0.3239848086473853,0.26672509494595387,0.4092900964066608,0.26672509494595387,0.08530528775927548,0.24137513512919562,0.16049530346784546,0.36702492737971065,0.10029683037337549,0.23391812865497075,0.28654970760233917,0.018699688100356954,0.05263157894736842
10,0.35,3423,2007-02-14,2020-09-22,0.30791703184341224,0.3055799006719252,0.38650306748466257,0.3055799006719252,0.07858603564125033,0.28160432431739485,0.18724452071248637,0.4281957486096624,0.11722572670314393,0.2675438596491228,0.33187134502923976,0.02128290101300553,0.06432748538011696
10,0.4,3423,2007-02-14,2020-09-22,0.2927256792287467,0.34063686824423023,0.36663745252702307,0.2927256792287467,0.07391177329827636,0.32183351350559414,0.21399373795712726,0.48936656983961424,0.13283248462311914,0.2997076023391813,0.3742690058479532,0.026415712173225817,0.07456140350877188
10,0.45,3423,2007-02-14,2020-09-22,0.2743207712532866,0.3791995325737657,0.3464796961729477,0.2743207712532866,0.07215892491966114,0.3620627026937934,0.2407429552017682,0.550537391069566,0.1522303678418553,0.34941520467836257,0.40497076023391815,0.020344618450436995,0.05555555555555558
10,0.5,3423,2007-02-14,2020-09-22,0.2614665498101081,0.41396435874963483,0.3245690914402571,0.2614665498101081,0.063102541630149,0.40229189188199266,0.2674921724464091,0.6117082122995178,0.16822221528580156,0.39124087591240875,0.4371345029239766,0.017615082415689754,0.04589362701156785
10,0.55,3423,2007-02-14,2020-09-22,0.24539877300613497,0.4472684779433246,0.3073327490505405,0.24539877300613497,0.06193397604440551,0.44252108107019195,0.29424138969105,0.6728790335294697,0.18467146015606425,0.4291970802919708,0.4692982456140351,0.013903151533454922,0.040101165322064314
10,0.6,3423,2007-02-14,2020-09-22,0.23371311714869997,0.4767747589833479,0.2895121238679521,0.23371311714869997,0.05579900671925214,0.48275027025839123,0.3209906069356909,0.7340498547594213,0.19680442969800946,0.4583941605839416,0.5043859649122807,0.015900749370699845,0.0459918043283391
10,0.65,3423,2007-02-14,2020-09-22,0.22261174408413673,0.5062810400233713,0.271107215892492,0.22261174408413673,0.048495471808355256,0.5229794594465905,0.34773982418033184,0.7952206759893731,0.21249455866824704,0.48613138686131385,0.5307017543859649,0.017598528520944675,0.044570367524651044
10,0.7,3423,2007-02-14,2020-09-22,0.21063394683026584,0.5366637452527023,0.25270230791703185,0.21063394683026584,0.04206836108676601,0.5632086486347897,0.37448904142497275,0.8563914972193248,0.2265752281506773,0.5160818713450293,0.5555555555555556,0.015292723612270524,0.03947368421052633
10,0.75,3423,2007-02-14,2020-09-22,0.1971954425942156,0.5641250365176745,0.23867952088810984,0.1971954425942156,0.04148407829389425,0.603437837822989,0.4012382586696136,0.9175623184492766,0.24020441155120548,0.5453216374269005,0.5862573099415205,0.016231866006139663,0.040935672514619936
10,0.8,3423,2007-02-14,2020-09-22,0.18638621092608823,0.5933391761612621,0.22027461291264971,0.18638621092608823,0.033888401986561484,0.6436670270111883,0.4279874759142545,0.9787331396792285,0.25730622486887544,0.5716374269005848,0.6072992700729927,0.014429942671799024,0.03566184317240784
10,0.85,3423,2007-02-14,2020-09-22,0.1773298276365761,0.6170026292725679,0.20566754309085597,0.1773298276365761,0.028337715454279877,0.6838962161993876,0.4547366931588954,1.0399039609091802,0.26940836880090097,0.6,0.6301169590643275,0.013644646313591195,0.030116959064327542
10,0.9,3423,2007-02-14,2020-09-22,0.16885772713993574,0.6389132340052586,0.19222903885480572,0.16885772713993574,0.023371311714869974,0.7241254053875869,0.4814859104035364,1.101074782139132,0.284026559417544,0.618421052631579,0.6535087719298246,0.014546224498541394,0.03508771929824561
10,0.95,3423,2007-02-14,2020-09-22,0.16067776803973122,0.6587788489628981,0.18054338299737072,0.16067776803973122,0.0198656149576395,0.764354594575786,0.5082351276481772,1.1622456033690838,0.2915168971612883,0.6388888888888888,0.672514619883041,0.015459748879425063,0.033625730994152114
10,1.0,3423,2007-02-14,2020-09-22,0.15366637452527024,0.6771837569383582,0.1691498685363716,0.15366637452527024,0.015483494011101356,0.8045837837639853,0.5349843448928182,1.2234164245990355,0.29936832631935106,0.6608187134502924,0.6871345029239766,0.010097500432820771,0.02631578947368418
20,0.1,3416,2007-03-01,2020-09-25,0.40398126463700235,0.10831381733021077,0.48770491803278687,0.10831381733021077,0.08372365339578453,0.08464281412326984,0.05815141769257019,0.1248352480012083,0.03852616537768029,0.0951683748169839,0.12005856515373353,0.008756104810482314,0.024890190336749635
20,0.15,3416,2007-03-01,2020-09-25,0.3805620608899297,0.15485948477751757,0.4645784543325527,0.15485948477751757,0.08401639344262296,0.12696422118490475,0.0872271265388553,0.18725287200181243,0.05418810563717929,0.1478770131771596,0.17130307467057102,0.008427620639465366,0.02342606149341142
20,0.2,3416,2007-03-01,2020-09-25,0.3553864168618267,0.19994145199063232,0.444672131147541,0.19994145199063232,0.0892857142857143,0.16928562824653967,0.11630283538514039,0.2496704960024166,0.07141423028772691,0.17862371888726208,0.22108345534407028,0.014715359628990057,0.0424597364568082
20,0.25,3416,2007-03-01,2020-09-25,0.3360655737704918,0.242096018735363,0.4218384074941452,0.242096018735363,0.08577283372365341,0.21160703530817454,0.1453785442314255,0.3120881200030208,0.08631692180783777,0.21376281112737922,0.26500732064421667,0.017004707800374642,0.051244509516837455
20,0.3,3416,2007-03-01,2020-09-25,0.31733021077283374,0.280152224824356,0.4025175644028103,0.280152224824356,0.08518735362997654,0.2539284423698095,0.1744542530777106,0.37450574400362485,0.10634134397508202,0.25329428989751096,0.3118594436310395,0.018754121959957733,0.05856515373352855
20,0.35,3416,2007-03-01,2020-09-25,0.3009367681498829,0.31791569086651056,0.38114754098360654,0.3009367681498829,0.08021077283372363,0.29624984943144433,0.20352996192399567,0.436923368004229,0.11980097676878411,0.29428989751098095,0.3440702781844802,0.016396695060234827,0.04978038067349927
20,0.4,3416,2007-03-01,2020-09-25,0.2822014051522248,0.3583138173302108,0.3594847775175644,0.2822014051522248,0.07728337236533961,0.33857125649307934,0.23260567077028077,0.4993409920048332,0.13945425981137624,0.33528550512445093,0.38653001464128844,0.016772807445952755,0.05124450951683751
20,0.45,3416,2007-03-01,2020-09-25,0.2646370023419204,0.39549180327868855,0.3398711943793911,0.2646370023419204,0.07523419203747073,0.38089266355471424,0.2616813796165659,0.5617586160054373,0.15961783682079178,0.3762811127379209,0.4216691068814056,0.015908440869209655,0.045387994143484656
20,0.5,3416,2007-03-01,2020-09-25,0.25234192037470726,0.4294496487119438,0.31820843091334894,0.25234192037470726,0.06586651053864168,0.4232140706163491,0.290757088462851,0.6241762400060415,0.1742595795658918,0.4055636896046852,0.46266471449487556,0.02009315594393734,0.057101024890190366
20,0.55,3416,2007-03-01,2020-09-25,0.2388758782201405,0.46048009367681497,0.30064402810304447,0.2388758782201405,0.06176814988290397,0.46553547767798403,0.3198327973091361,0.6865938640066457,0.1904443317603481,0.4407027818448023,0.5007320644216691,0.022428485727695173,0.06002928257686674
20,0.6,3416,2007-03-01,2020-09-25,0.22453161592505855,0.4959016393442623,0.27956674473067916,0.22453161592505855,0.055035128805620614,0.507856884739619,0.3489085061554212,0.7490114880072497,0.20568283059184247,0.4787701317715959,0.5314787701317716,0.020854587554144835,0.0527086383601757
20,0.65,3416,2007-03-01,2020-09-25,0.21252927400468383,0.5248829039812647,0.2625878220140515,0.21252927400468383,0.05005854800936768,0.550178291801254,0.37798421500170626,0.8114291120078538,0.22033461851589572,0.5043859649122807,0.5666178623718887,0.02408590137519621,0.062231897459608
20,0.7,3416,2007-03-01,2020-09-25,0.19789227166276346,0.5585480093676815,0.24355971896955503,0.19789227166276346,0.045667447306791564,0.5924996988628887,0.40705992384799133,0.873846736008458,0.23754175653910833,0.5409356725146199,0.595900439238653,0.021136096199158242,0.054964766724033054
20,0.75,3416,2007-03-01,2020-09-25,0.1870608899297424,0.586943793911007,0.2259953161592506,0.1870608899297424,0.038934426229508184,0.6348211059245237,0.4361356326942764,0.9362643600090622,0.25145935900984334,0.5687134502923976,0.6134699853587116,0.014929920330914873,0.04475653506631394
20,0.8,3416,2007-03-01,2020-09-25,0.17505854800936768,0.6147540983606558,0.2101873536299766,0.17505854800936768,0.03512880562060891,0.6771425129861587,0.46521134154056154,0.9986819840096663,0.26569393066481806,0.6061493411420205,0.636896046852123,0.011385646999529302,0.030746705710102518
20,0.85,3416,2007-03-01,2020-09-25,0.16686182669789226,0.6358313817330211,0.19730679156908665,0.16686182669789226,0.030444964871194385,0.7194639200477936,0.4942870503868466,1.0610996080102706,0.278843652893497,0.6281112737920937,0.6544655929721815,0.009472655801318345,0.026354319180087793
20,0.9,3416,2007-03-01,2020-09-25,0.1557377049180328,0.6574941451990632,0.186768149882904,0.1557377049180328,0.0310304449648712,0.7617853271094285,0.5233627592331318,1.1235172320108746,0.28960688860221295,0.6471449487554904,0.6720351390922401,0.008602389827288023,0.024890190336749662
20,0.95,3416,2007-03-01,2020-09-25,0.1490046838407494,0.6779859484777517,0.17300936768149883,0.1490046838407494,0.024004683840749413,0.8041067341710633,0.5524384680794168,1.1859348560114789,0.29831314358704003,0.664714494875549,0.6881405563689604,0.008320218320220391,0.02342606149341142
20,1.0,3416,2007-03-01,2020-09-25,0.13934426229508196,0.7005269320843092,0.1601288056206089,0.13934426229508196,0.020784543325526955,0.8464281412326982,0.581514176925702,1.248352480012083,0.30814079394163696,0.6822840409956076,0.7086383601756955,0.010650685539877514,0.026354319180087904
40,0.1,3402,2007-03-29,2020-10-05,0.4000587889476778,0.11228689006466784,0.4876543209876543,0.11228689006466784,0.0875955320399765,0.08540190620496782,0.06425362505076518,0.12508136184225566,0.04019849948710821,0.09985315712187959,0.1262848751835536,0.009311705117532572,0.02643171806167402
40,0.15,3402,2007-03-29,2020-10-05,0.3741916519694298,0.16549088771310994,0.4603174603174603,0.16549088771310994,0.08612580834803052,0.12810285930745172,0.09638043757614775,0.18762204276338346,0.05849074337178979,0.15859030837004406,0.18382352941176472,0.009367721260807422,0.025233221041720655
40,0.2,3402,2007-03-29,2020-10-05,0.35038212815990594,0.20811287477954143,0.44150499706055263,0.20811287477954143,0.09112286890064669,0.17080381240993564,0.12850725010153036,0.2501627236845113,0.07297214038492512,0.18970588235294117,0.22205882352941175,0.011313407849674849,0.032352941176470584
40,0.25,3402,2007-03-29,2020-10-05,0.3298059964726631,0.25279247501469726,0.4174015285126396,0.25279247501469726,0.0875955320399765,0.21350476551241954,0.16063406262691293,0.3127034046056391,0.0920558625594184,0.23970588235294119,0.275,0.011857721768650492,0.03529411764705884
40,0.3,3402,2007-03-29,2020-10-05,0.30893592004703113,0.2977660199882422,0.3932980599647266,0.2977660199882422,0.08436213991769548,0.25620571861490343,0.1927608751522955,0.3752440855267669,0.11358251214389856,0.28088235294117647,0.3264705882352941,0.016219437305978572,0.04558823529411765
40,0.35,3402,2007-03-29,2020-10-05,0.2951205173427396,0.3342151675485009,0.3706643151087596,0.2951205173427396,0.07554379776602,0.29890667171738733,0.22488768767767808,0.4377847664478947,0.12684285469737472,0.3088235294117647,0.3720588235294118,0.02208509409740973,0.06323529411764706
40,0.4,3402,2007-03-29,2020-10-05,0.2760141093474427,0.37566137566137564,0.34832451499118167,0.2760141093474427,0.07231040564373897,0.3416076248198713,0.2570145002030607,0.5003254473690226,0.1491576747551498,0.3426470588235294,0.41323529411764703,0.02280068589181362,0.07058823529411762
40,0.45,3402,2007-03-29,2020-10-05,0.25808348030570255,0.4141681363903586,0.32774838330393885,0.25808348030570255,0.0696649029982363,0.3843085779223552,0.2891413127284433,0.5628661282901505,0.1672419299264369,0.37941176470588234,0.45441176470588235,0.02520364186321413,0.07500000000000001
40,0.5,3402,2007-03-29,2020-10-05,0.23897707231040563,0.4532627865961199,0.30776014109347444,0.23897707231040563,0.06878306878306881,0.4270095310248391,0.32126812525382586,0.6254068092112782,0.18673004078134026,0.425,0.5014705882352941,0.026498909216712187,0.07647058823529412
40,0.55,3402,2007-03-29,2020-10-05,0.22868900646678425,0.4835390946502058,0.28777189888300997,0.22868900646678425,0.05908289241622572,0.469710484127323,0.3533949377792085,0.6879474901324061,0.19895377667991324,0.45441176470588235,0.525,0.024926500006300527,0.07058823529411767
40,0.6,3402,2007-03-29,2020-10-05,0.21840094062316284,0.5123456790123457,0.2692533803644915,0.21840094062316284,0.05085243974132864,0.5124114372298069,0.385521750304591,0.7504881710535338,0.21303120503250922,0.4808823529411765,0.5514705882352942,0.0256323061066065,0.07058823529411767
40,0.65,3402,2007-03-29,2020-10-05,0.20811287477954143,0.5429159318048207,0.24897119341563786,0.20811287477954143,0.04085831863609643,0.5551123903322908,0.4176485628299736,0.8130288519746617,0.22979977589290954,0.5183553597650514,0.5720588235294117,0.019175621569743746,0.053703463764360304
40,0.7,3402,2007-03-29,2020-10-05,0.19547325102880658,0.5702527924750147,0.23427395649617871,0.19547325102880658,0.03880070546737213,0.5978133434347747,0.44977537535535617,0.8755695328957894,0.24311099604180758,0.5433186490455213,0.5926470588235294,0.017624565480209766,0.04932840977800812
40,0.75,3402,2007-03-29,2020-10-05,0.18077601410934743,0.6005291005291006,0.21869488536155202,0.18077601410934743,0.03791887125220458,0.6405142965372587,0.48190218788073885,0.9381102138169173,0.2589019501509089,0.5770925110132159,0.6161764705882353,0.012879379912833982,0.03908395957501942
40,0.8,3402,2007-03-29,2020-10-05,0.1731334509112287,0.6228689006466784,0.2039976484420929,0.1731334509112287,0.030864197530864196,0.6832152496397426,0.5140290004061214,1.0006508947380452,0.27160671007023685,0.6093979441997063,0.6308823529411764,0.0081270725063742,0.021484408741470173
40,0.85,3402,2007-03-29,2020-10-05,0.16078777189888302,0.6469723691945914,0.19223985890652556,0.16078777189888302,0.03145208700764254,0.7259162027422263,0.546155812931504,1.063191575659173,0.2857611322101041,0.6328928046989721,0.6573529411764706,0.008839904294200335,0.02446013647749845
40,0.9,3402,2007-03-29,2020-10-05,0.1504997060552616,0.6699000587889476,0.1796002351557907,0.1504997060552616,0.0291005291005291,0.7686171558447104,0.5782826254568866,1.125732256580301,0.29591687796165683,0.6622613803230544,0.6735294117647059,0.003950412176291086,0.01126803144165156
40,0.95,3402,2007-03-29,2020-10-05,0.14432686654908877,0.6898883009994121,0.1657848324514991,0.14432686654908877,0.021457965902410336,0.8113181089471941,0.6104094379822691,1.1882729375014285,0.30287604712871474,0.6798825256975036,0.6955882352941176,0.005353169978026616,0.015705709596613993
40,1.0,3402,2007-03-29,2020-10-05,0.13433274544385657,0.7092886537330981,0.15637860082304528,0.13433274544385657,0.02204585537918871,0.8540190620496781,0.6425362505076517,1.2508136184225565,0.3149076906539473,0.7019089574155654,0.7151248164464024,0.0046488709594010415,0.013215859030836996
60,0.1,3388,2007-04-27,2020-10-13,0.39787485242030696,0.1180637544273908,0.48406139315230223,0.1180637544273908,0.08618654073199528,0.08714503102540717,0.06899901951013757,0.12415463912032597,0.043690431151787584,0.10619469026548672,0.13274336283185842,0.010543667609494286,0.026548672566371695
60,0.15,3388,2007-04-27,2020-10-13,0.37514757969303425,0.16735537190082644,0.4574970484061393,0.16735537190082644,0.08234946871310506,0.13071754653811077,0.10349852926520633,0.18623195868048892,0.05950584255413305,0.15486725663716813,0.18759231905465287,0.012040940894663612,0.03272506241748474
60,0.2,3388,2007-04-27,2020-10-13,0.3479929161747344,0.21517119244391972,0.43683589138134593,0.21517119244391972,0.08884297520661155,0.17429006205081435,0.13799803902027513,0.24830927824065194,0.07603288565081602,0.20501474926253688,0.23338257016248154,0.009928214036746099,0.028367820899944662
60,0.25,3388,2007-04-27,2020-10-13,0.3282172373081464,0.256198347107438,0.4155844155844156,0.256198347107438,0.08736717827626922,0.21786257756351793,0.17249754877534393,0.3103865978008149,0.09365798433066241,0.24041297935103245,0.276218611521418,0.011667373708302373,0.03580563217038557
60,0.3,3388,2007-04-27,2020-10-13,0.307556080283353,0.30342384887839435,0.38902007083825263,0.30342384887839435,0.08146399055489961,0.26143509307622154,0.20699705853041267,0.37246391736097784,0.11514388212002988,0.2743362831858407,0.34268833087149186,0.023250143262891772,0.06835204768565117
60,0.35,3388,2007-04-27,2020-10-13,0.2892561983471074,0.3485832349468713,0.36216056670602126,0.2892561983471074,0.07290436835891384,0.3050076085889251,0.24149656828548147,0.43454123692114077,0.13603065239562614,0.31563421828908556,0.3870014771048744,0.023941947387650372,0.07136725881578887
60,0.4,3388,2007-04-27,2020-10-13,0.27508854781582054,0.3840023612750885,0.3409090909090909,0.27508854781582054,0.06582054309327035,0.3485801241016287,0.27599607804055026,0.4966185564813039,0.15616553239042483,0.3495575221238938,0.41802067946824223,0.022806097908801604,0.06846315734434844
60,0.45,3388,2007-04-27,2020-10-13,0.256788665879575,0.42502951593860683,0.3181818181818182,0.256788665879575,0.06139315230224318,0.3921526396143323,0.3104955877956191,0.5586958760414669,0.17388750536543757,0.3967551622418879,0.4608567208271787,0.02313957759235887,0.06410155858529082
60,0.5,3388,2007-04-27,2020-10-13,0.23730814639905548,0.4642857142857143,0.29840613931523025,0.23730814639905548,0.061097992916174765,0.43572515512703586,0.34499509755068786,0.6207731956016298,0.19363565545029568,0.43952802359882004,0.5007385524372231,0.022863904904463182,0.061210528838403055
60,0.55,3388,2007-04-27,2020-10-13,0.22520661157024793,0.4961629279811098,0.27863046044864226,0.22520661157024793,0.053423848878394326,0.47929767063973944,0.3794946073057566,0.6828505151617928,0.20715677246409392,0.47050147492625366,0.5332348596750369,0.025772597276989183,0.06273338474878326
60,0.6,3388,2007-04-27,2020-10-13,0.21517119244391972,0.5212514757969303,0.26357733175914994,0.21517119244391972,0.04840613931523022,0.5228701861524431,0.41399411706082534,0.7449278347219557,0.22056666112018586,0.4941002949852507,0.552437223042836,0.02267666620282914,0.058336928057585336
60,0.65,3388,2007-04-27,2020-10-13,0.2024793388429752,0.5507674144037781,0.24675324675324675,0.2024793388429752,0.044273907910271554,0.5664427016651467,0.4484936268158942,0.8070051542821187,0.23501587834163531,0.5265486725663717,0.5731166912850812,0.0185269842921923,0.046568018718709525
60,0.7,3388,2007-04-27,2020-10-13,0.18801652892561985,0.5823494687131051,0.2296340023612751,0.18801652892561985,0.04161747343565525,0.6100152171778502,0.48299313657096293,0.8690824738422815,0.2513094892667004,0.5530973451327433,0.6115214180206795,0.02088103066723014,0.05842407288793616
60,0.75,3388,2007-04-27,2020-10-13,0.179456906729634,0.6062573789846517,0.21428571428571427,0.179456906729634,0.03482880755608028,0.6535877326905538,0.5174926463260318,0.9311597934024448,0.26371436746866433,0.5825958702064897,0.6277695716395865,0.015149183492562467,0.045173701433096736
60,0.8,3388,2007-04-27,2020-10-13,0.17001180637544275,0.6298701298701299,0.2001180637544274,0.17001180637544275,0.030106257378984647,0.6971602482032574,0.5519921560811005,0.9932371129626077,0.27852704640827036,0.6106194690265486,0.6395864106351551,0.010426319541674306,0.028966941608606467
60,0.85,3388,2007-04-27,2020-10-13,0.16056670602125148,0.654073199527745,0.18536009445100354,0.16056670602125148,0.024793388429752067,0.740732763715961,0.5864916658361693,1.0553144325227706,0.29026029224052163,0.6356932153392331,0.6632200886262924,0.011285152991789003,0.027526873287059384
60,0.9,3388,2007-04-27,2020-10-13,0.14994096812278632,0.6785714285714286,0.17148760330578514,0.14994096812278632,0.02154663518299882,0.7843052792286646,0.6209911755912382,1.1173917520829337,0.30078772716375957,0.6622418879056047,0.689807976366322,0.011707937259921109,0.027566088460717286
60,0.95,3388,2007-04-27,2020-10-13,0.14167650531286896,0.6977567886658795,0.16056670602125148,0.14167650531286896,0.018890200708382515,0.8278777947413681,0.6554906853463068,1.1794690716430967,0.31037123875921363,0.6784660766961652,0.7079646017699115,0.01083540422872222,0.029498525073746285
60,1.0,3388,2007-04-27,2020-10-13,0.13547815820543094,0.7187131050767415,0.14580873671782763,0.13547815820543094,0.010330578512396688,0.8714503102540717,0.6899901951013757,1.2415463912032596,0.32293785233084404,0.696165191740413,0.7300884955752213,0.011749785175341372,0.03392330383480824
