candidate_name,groups,group_count,feature_count,training_rows,training_start,training_end,stage2_roc_auc,matched_base_roc_auc,delta_roc_auc_vs_matched_base,stage2_roc_auc_fold_mean,stage2_roc_auc_fold_std,stage2_average_precision,stage2_brier_score,stage2_balanced_accuracy,stage2_macro_f1,stage2_down_f1,stage2_up_f1
breadth+calendar,breadth|calendar,2,45,3368,2007-06-08,2020-10-26,0.5544651546192249,0.4744509384704987,0.08001421614872617,0.5539042037922353,0.007249148278461331,0.6126382349514596,0.25242817425873826,0.5508515733592351,0.550977124678079,0.4782608695652174,0.6236933797909407
breadth+futures_core+interaction_consensus+rates_credit+trend_direction,breadth|futures_core|interaction_consensus|rates_credit|trend_direction,5,92,3151,2008-04-10,2020-10-26,0.5538216895890815,0.48245329514100976,0.07136839444807175,0.5552639395726335,0.026118240795721785,0.6045383207888722,0.252887794733711,0.5618641925904084,0.5613412538764564,0.510569105691057,0.6121134020618557
futures_core,futures_core,1,31,3362,2007-06-08,2020-10-26,0.5417489601101236,0.4828885746775593,0.05886038543256433,0.5420625796322341,0.004351329462448771,0.5940646915003179,0.25397946992554166,0.5458430589221055,0.5459331730176173,0.4755804643714972,0.6162858816637375
breadth+calendar+rates_credit+technical_dynamics,breadth|calendar|rates_credit|technical_dynamics,4,82,3368,2007-06-08,2020-10-26,0.531696987627857,0.4744509384704987,0.057246049157358314,0.532517178141358,0.008943204281292598,0.5970038814803231,0.25625614093962357,0.5267111014351984,0.525742912692795,0.43133951137320975,0.6201463140123804
futures_core+technical_dynamics+volatility_options_short,futures_core|technical_dynamics|volatility_options_short,3,58,2457,2011-01-11,2020-10-26,0.5366216752679636,0.48160409459536097,0.055017580672602595,0.5417433355482665,0.018131754342732224,0.5924869239178177,0.25858838419110286,0.5321272613849033,0.5316861868598097,0.4431687715269805,0.620203602192639
breadth+calendar+rates_credit+technical_dynamics+volatility_options_short,breadth|calendar|rates_credit|technical_dynamics|volatility_options_short,5,88,2463,2011-01-11,2020-10-26,0.5344355346690919,0.47987161430502573,0.054563920364066154,0.5355191419146538,0.00737043984800584,0.6035825548657553,0.258430219825748,0.5277685377194907,0.5270686669215717,0.4346820809248555,0.619455252918288
equity_rotation+technical_dynamics+volatility_options_core,equity_rotation|technical_dynamics|volatility_options_core,3,66,3301,2007-06-08,2020-10-26,0.5445923743034725,0.49279353552363075,0.05179883877984176,0.5420948387620851,0.009163545021599977,0.5996997391735388,0.25449968854397864,0.5460034575437407,0.5450209604136858,0.4897959183673469,0.6002460024600246
futures_core+technical_dynamics+volatility_options_core,futures_core|technical_dynamics|volatility_options_core,3,66,3295,2007-06-08,2020-10-26,0.5413982539458629,0.4904351028980737,0.05096315104778926,0.5385938444650169,0.032912446702050235,0.5956205301219581,0.2528893846901802,0.5411494333944609,0.5404375174944795,0.4825949367088608,0.5982800982800983
futures_core+interaction_consensus,futures_core|interaction_consensus,2,43,3362,2007-06-08,2020-10-26,0.5323993027500973,0.4828885746775593,0.04951072807253798,0.5337061577853345,0.029519596474575704,0.5861896927684743,0.2566274934818952,0.5425288775174313,0.5398824183873899,0.4324801412180053,0.6472846955567746
equity_rotation+futures_core,equity_rotation|futures_core,2,41,3362,2007-06-08,2020-10-26,0.5304569904539606,0.4828885746775593,0.04756841577640125,0.5369888779862123,0.010698946021359608,0.5889086279148184,0.2596029914664801,0.5264554717658677,0.5262719885198271,0.4438984438984439,0.6086455331412104
breadth+calendar+rates_credit,breadth|calendar|rates_credit,3,61,3368,2007-06-08,2020-10-26,0.5215186717204703,0.4744509384704987,0.0470677332499716,0.5185830427831181,0.00799884769940682,0.5802073851283305,0.25614872843198,0.5307582380162891,0.5307764365415905,0.45447219983883963,0.6070806732443412
equity_rotation+technical_dynamics,equity_rotation|technical_dynamics,2,52,3368,2007-06-08,2020-10-26,0.5212600271297708,0.4744509384704987,0.046809088659272136,0.5173853865555481,0.013644252280980993,0.5845506122200373,0.25729528197210066,0.5240567380637382,0.5210526315789473,0.4105263157894737,0.631578947368421
equity_rotation+futures_core+technical_dynamics+volatility_options_short,equity_rotation|futures_core|technical_dynamics|volatility_options_short,4,68,2457,2011-01-11,2020-10-26,0.528217688425112,0.48160409459536097,0.046613593829751,0.5303612136752335,0.01939052948876524,0.5876355921819334,0.2566560102397119,0.5277320932342766,0.526838075978622,0.4325581395348837,0.6211180124223602
breadth+futures_core+technical_dynamics+volatility_options_short,breadth|futures_core|technical_dynamics|volatility_options_short,4,73,2457,2011-01-11,2020-10-26,0.5282035104633358,0.48160409459536097,0.046599415867974836,0.5264023223779845,0.04319969035687343,0.6031533124207613,0.2576529314704411,0.52966738501673,0.5293606253113552,0.46844919786096256,0.5902720527617478
breadth+calendar+interaction_consensus+rates_credit,breadth|calendar|interaction_consensus|rates_credit,4,73,3364,2007-06-08,2020-10-26,0.5370912913181554,0.4915145890176082,0.04557670230054717,0.5365408240023698,0.00911389624346641,0.6042096581346833,0.2583022744803322,0.5460286487453594,0.5456044567212325,0.48761609907120745,0.6035928143712574
equity_rotation+futures_core+trend_direction+volatility_options_core,equity_rotation|futures_core|trend_direction|volatility_options_core,4,73,3084,2008-04-10,2020-10-26,0.5260564876700206,0.48165673214469573,0.044399755525324824,0.5269500386067496,0.01832558058903383,0.6013134495241168,0.2545881340297269,0.5300061994922112,0.5291903878071851,0.43613138686131386,0.6222493887530562
futures_core+rates_credit,futures_core|rates_credit,2,47,3362,2007-06-08,2020-10-26,0.5268426250112218,0.4828885746775593,0.04395405033366251,0.5251551200815927,0.021649110293142905,0.5953869990317594,0.2539671370117943,0.5266930005685729,0.5267251301598017,0.4540367705835332,0.5994134897360703
equity_rotation+interaction_consensus+technical_dynamics,equity_rotation|interaction_consensus|technical_dynamics,3,64,3364,2007-06-08,2020-10-26,0.5346507805161694,0.4915145890176082,0.04313619149856124,0.5333943442405557,0.02352181189777265,0.5954650969004174,0.2536605184222676,0.5369216949203084,0.5367885135088033,0.4729835552075176,0.600593471810089
equity_rotation+futures_core+trend_direction,equity_rotation|futures_core|trend_direction,3,59,3151,2008-04-10,2020-10-26,0.5243665620590156,0.48245329514100976,0.04191326691800579,0.5218291667291485,0.025215805079388254,0.5861536280396253,0.2547636860423616,0.529438277975526,0.52911997618838,0.4739413680781759,0.5842985842985843
breadth+futures_core+rates_credit,breadth|futures_core|rates_credit,3,62,3362,2007-06-08,2020-10-26,0.5244785588173684,0.4828885746775593,0.04158998413980908,0.5289359702795805,0.01507051093103324,0.5921120649306392,0.2556861051276526,0.5278376275548373,0.5276673582149087,0.44553644553644556,0.6097982708933718
breadth+calendar+interaction_consensus+rates_credit+technical_dynamics,breadth|calendar|interaction_consensus|rates_credit|technical_dynamics,5,94,3364,2007-06-08,2020-10-26,0.5328942463956107,0.4915145890176082,0.04137965737800248,0.5306097515864264,0.014222489371793089,0.5987363048921474,0.2570934021167124,0.5295004547419898,0.527220245235911,0.4212358572671889,0.6332046332046332
futures_core+interaction_consensus+technical_dynamics,futures_core|interaction_consensus|technical_dynamics,3,64,3362,2007-06-08,2020-10-26,0.5240558697668851,0.4828885746775593,0.04116729508932582,0.5247674909100054,0.010608597260416169,0.5823704206282663,0.25542775575535803,0.5289504593470389,0.5280898459855925,0.47604562737642586,0.5801340645947592
calendar,calendar,1,30,3368,2007-06-08,2020-10-26,0.5151046580216108,0.4744509384704987,0.04065371955111208,0.5183755703314301,0.019857559384698166,0.5893955231327858,0.26064648377017824,0.5263929127660644,0.5262386311626432,0.4440816326530612,0.6083956296722254
breadth+calendar+rates_credit+volatility_options_core,breadth|calendar|rates_credit|volatility_options_core,4,75,3301,2007-06-08,2020-10-26,0.5329957648012691,0.49279353552363075,0.040202229277638335,0.531342283897695,0.00808544361652137,0.6005989636088755,0.25741485694287813,0.5329860197512674,0.5296264382381266,0.41284403669724773,0.6464088397790055
breadth+futures_core+interaction_consensus+rates_credit,breadth|futures_core|interaction_consensus|rates_credit,4,74,3362,2007-06-08,2020-10-26,0.5225427925905977,0.4828885746775593,0.03965421791303836,0.5290342201868844,0.04095344215858003,0.5864158208785086,0.26532063346519086,0.5310171469611276,0.527180867493271,0.49710982658959535,0.5572519083969466
equity_rotation+interaction_consensus,equity_rotation|interaction_consensus,2,43,3364,2007-06-08,2020-10-26,0.5308479074413681,0.4915145890176082,0.03933331842375992,0.5309569306346847,0.02805415400519774,0.595885697147623,0.2561211977720253,0.5337394328398265,0.5337249247369519,0.4660347551342812,0.6014150943396226
breadth+calendar+rates_credit+volatility_options_short,breadth|calendar|rates_credit|volatility_options_short,4,67,2463,2011-01-11,2020-10-26,0.5188792084533558,0.47987161430502573,0.03900759414833005,0.5208223969812328,0.012225865531544644,0.597061603464751,0.2679859781170964,0.5248508418676084,0.5218691601800329,0.48539778449144005,0.5583405358686258
breadth+calendar+volatility_options_core,breadth|calendar|volatility_options_core,3,59,3301,2007-06-08,2020-10-26,0.5315924776010026,0.49279353552363075,0.038798942077371834,0.5320528039674884,0.011854225244528135,0.5947085076831906,0.2562727318956737,0.5372377850670752,0.5370944018379196,0.46973365617433416,0.6044551475015051
breadth+futures_core+rates_credit+volatility_options_short,breadth|futures_core|rates_credit|volatility_options_short,4,68,2457,2011-01-11,2020-10-26,0.52030284126354,0.48160409459536097,0.03869874666817902,0.5215464639745134,0.03351247777701702,0.5903168177522358,0.26223057542462963,0.5319642148244769,0.5305462970668231,0.48290155440414506,0.5781910397295013
futures_core+macro_cross_asset+technical_dynamics+volatility_options_short,futures_core|macro_cross_asset|technical_dynamics|volatility_options_short,4,66,2451,2011-01-11,2020-10-26,0.52166587539846,0.48296750564894103,0.03869836974951896,0.5206249173192582,0.03237215512957401,0.5772422289028751,0.25561412158208446,0.5379451776069908,0.5288419198590929,0.3910171730515192,0.6666666666666666
breadth+calendar+futures_core+rates_credit+volatility_options_short,breadth|calendar|futures_core|rates_credit|volatility_options_short,5,77,2457,2011-01-11,2020-10-26,0.520175239607554,0.48160409459536097,0.038571145012193,0.5196744323615602,0.01092738420254178,0.5834213357704419,0.25944122605821246,0.5180769012646742,0.5179666552156436,0.43673012318029114,0.599203187250996
breadth,breadth,1,36,3368,2007-06-08,2020-10-26,0.5128810588425747,0.4744509384704987,0.03843012037207605,0.5103030536885252,0.018188791911359966,0.5783970320674447,0.2591575285142226,0.5109830913424771,0.5101807241430759,0.4176372712146423,0.6027241770715096
equity_rotation+rates_credit,equity_rotation|rates_credit,2,47,3368,2007-06-08,2020-10-26,0.512523794371968,0.4744509384704987,0.03807285590146936,0.512718018536785,0.008471555931110054,0.5930564538659574,0.2575417953260329,0.5131406338094999,0.5091044909092155,0.48028673835125446,0.5379222434671765
futures_core+rates_credit+technical_dynamics,futures_core|rates_credit|technical_dynamics,3,68,3362,2007-06-08,2020-10-26,0.5200721189813567,0.4828885746775593,0.037183544303797444,0.5219906835405808,0.01346621252187773,0.583209323750414,0.2545985324669783,0.5269024747882813,0.5269204851752022,0.45714285714285713,0.5966981132075472
futures_core+technical_dynamics,futures_core|technical_dynamics,2,52,3362,2007-06-08,2020-10-26,0.519673743902804,0.4828885746775593,0.03678516922524466,0.5194625004216394,0.03652366941813954,0.5925533623337513,0.25919235338639013,0.5159574468085106,0.514275375162472,0.47023809523809523,0.5583126550868487
breadth+trend_direction,breadth|trend_direction,2,54,3157,2008-04-10,2020-10-26,0.5207148931891593,0.48444654849534763,0.03626834469381168,0.5169403397664184,0.013981855537897209,0.577402977770001,0.26033547929808926,0.5328968591454295,0.5325344644750796,0.4504347826086956,0.6146341463414634
breadth+calendar+equity_rotation+futures_core+interaction_consensus+macro_cross_asset+rates_credit+technical_dynamics+trend_direction+volatility_options_core,breadth|calendar|equity_rotation|futures_core|interaction_consensus|macro_cross_asset|rates_credit|technical_dynamics|trend_direction|volatility_options_core,10,154,3078,2008-04-10,2020-10-26,0.5175786412899814,0.48179795576702794,0.03578068552295349,0.5250923942087309,0.019163273330028194,0.5892184572186773,0.2645852033786705,0.5203013481363997,0.5199619152614567,0.4343163538873995,0.6056074766355141
breadth+equity_rotation+futures_core+interaction_consensus+rates_credit,breadth|equity_rotation|futures_core|interaction_consensus|rates_credit,5,84,3362,2007-06-08,2020-10-26,0.5184580453062813,0.4828885746775593,0.035569470628721955,0.5171885220002759,0.013510168341943558,0.5858231823429351,0.2640298318464241,0.5251107220875603,0.5251362191100273,0.45156124899919936,0.5987111892208553
equity_rotation+futures_core+interaction_consensus,equity_rotation|futures_core|interaction_consensus,3,53,3362,2007-06-08,2020-10-26,0.5183177723912978,0.4828885746775593,0.035429197713738536,0.5240971081602533,0.026471634966141792,0.5745207966179616,0.25697872886179646,0.5292702815932011,0.5248295561263443,0.40684068406840684,0.6428184281842818
breadth+equity_rotation+technical_dynamics,breadth|equity_rotation|technical_dynamics,3,67,3368,2007-06-08,2020-10-26,0.5091688577026778,0.4744509384704987,0.03471791923217915,0.5070886829328575,0.006650321710613737,0.5929738594132629,0.259556801724616,0.5128084894969828,0.5067180743283293,0.48807854137447404,0.5253576072821846
equity_rotation+rates_credit+technical_dynamics,equity_rotation|rates_credit|technical_dynamics,3,68,3368,2007-06-08,2020-10-26,0.5090609340605154,0.4744509384704987,0.03460999559001676,0.5143789579972846,0.0072177481667095285,0.5853552009133904,0.2575451595563553,0.5223178648982075,0.5201059549939997,0.41486603284356094,0.6253458771444383
rates_credit+technical_dynamics,rates_credit|technical_dynamics,2,58,3368,2007-06-08,2020-10-26,0.5082961648031231,0.4744509384704987,0.033845226332624434,0.5063604244267342,0.01038903339133833,0.5820136316644633,0.25976545546437757,0.5244586605931707,0.5216783216783216,0.4125874125874126,0.6307692307692307
futures_core+interaction_consensus+volatility_options_short,futures_core|interaction_consensus|volatility_options_short,3,49,2457,2011-01-11,2020-10-26,0.5152519423807633,0.48160409459536097,0.03364784778540236,0.5172186148175997,0.027029899248478137,0.5869662702838994,0.2583209988260048,0.5255309646685192,0.5166084909137423,0.5080568720379147,0.52516010978957
equity_rotation+technical_dynamics+volatility_options_short,equity_rotation|technical_dynamics|volatility_options_short,3,58,2463,2011-01-11,2020-10-26,0.5134967762026427,0.47987161430502573,0.03362516189761694,0.5226863464959539,0.0311312430246466,0.5836614341838248,0.26123074605579455,0.5156925679262242,0.513495092693566,0.40714285714285714,0.6198473282442748
breadth+futures_core+rates_credit+volatility_options_core,breadth|futures_core|rates_credit|volatility_options_core,4,76,3295,2007-06-08,2020-10-26,0.5239788561307817,0.4904351028980737,0.033543753232707973,0.525154463145688,0.013700386184460967,0.5943622013383969,0.25546269116385106,0.5237163210607985,0.5143600999063705,0.37095191364082436,0.6577682861719167
futures_core+interaction_consensus+macro_cross_asset,futures_core|interaction_consensus|macro_cross_asset,3,51,3356,2007-06-08,2020-10-26,0.5201121367572724,0.4869818463133069,0.03313029044396554,0.5192467781566269,0.015217329778868388,0.5914762423185886,0.2538586135780847,0.5180034700054829,0.5169194726336047,0.4219409282700422,0.6118980169971672
breadth+calendar+technical_dynamics,breadth|calendar|technical_dynamics,3,66,3368,2007-06-08,2020-10-26,0.507523022159701,0.4744509384704987,0.033072083689202336,0.5069495277806734,0.018620466921682368,0.5701816009132636,0.2637702692898679,0.5160685277912682,0.5147946401457637,0.4172297297297297,0.6123595505617978
futures_core+interaction_consensus+technical_dynamics+trend_direction,futures_core|interaction_consensus|technical_dynamics|trend_direction,4,82,3151,2008-04-10,2020-10-26,0.514513785041808,0.48245329514100976,0.03206048990079824,0.5162261576393296,0.00249976988027358,0.5856413865579824,0.2603207258798681,0.5172139261568273,0.5166012129193416,0.46586345381526106,0.5673389720234222
calendar+equity_rotation+futures_core,calendar|equity_rotation|futures_core,3,50,3362,2007-06-08,2020-10-26,0.5146538438519317,0.4828885746775593,0.03176526917437239,0.514551668874586,0.03648156308041722,0.5991963160407698,0.25743919784504393,0.5130584732321872,0.5091246098262909,0.4802300503235083,0.5380191693290735
breadth+calendar+equity_rotation+rates_credit,breadth|calendar|equity_rotation|rates_credit,4,71,3368,2007-06-08,2020-10-26,0.5057841489941702,0.4744509384704987,0.03133321052367155,0.5052945666789662,0.014977009318897665,0.5740970504124139,0.2593226053204016,0.5165318551515862,0.5120467926867059,0.39285714285714285,0.631236442516269
equity_rotation+technical_dynamics+trend_direction+volatility_options_core,equity_rotation|technical_dynamics|trend_direction|volatility_options_core,4,84,3090,2008-04-10,2020-10-26,0.5128894837208489,0.48197352997778126,0.030915953743067603,0.5192266842133769,0.03632953995282236,0.5782523824056889,0.25782810045566207,0.5114822250214315,0.5112844062157693,0.44836272040302266,0.5742060920285159
equity_rotation+futures_core+rates_credit+technical_dynamics+volatility_options_short,equity_rotation|futures_core|rates_credit|technical_dynamics|volatility_options_short,5,84,2457,2011-01-11,2020-10-26,0.5124482504395168,0.48160409459536097,0.03084415584415584,0.511292988248079,0.03141464858157624,0.5689440050240344,0.26356248206182603,0.5178535983666988,0.517856904743914,0.4419889502762431,0.5937248592115849
breadth+rates_credit,breadth|rates_credit,2,52,3368,2007-06-08,2020-10-26,0.5050175189843269,0.4744509384704987,0.030566580513828212,0.504517549505466,0.030444513814640764,0.5817255319070636,0.26124796143296825,0.5170314671847002,0.515368830512323,0.4143222506393862,0.6164154103852596
breadth+futures_core+interaction_consensus+technical_dynamics+volatility_options_short,breadth|futures_core|interaction_consensus|technical_dynamics|volatility_options_short,5,85,2457,2011-01-11,2020-10-26,0.5118385980831396,0.48160409459536097,0.03023450348777862,0.5172204950196143,0.04097867174729408,0.5908074599787632,0.26303319250653423,0.5120583564906709,0.5117203161693109,0.4253393665158371,0.5981012658227848
breadth+calendar+rates_credit+volatility_options_core+volatility_options_short,breadth|calendar|rates_credit|volatility_options_core|volatility_options_short,5,81,2399,2011-01-11,2020-10-26,0.513322039691208,0.4833344478374904,0.029987591853717632,0.5136775943683101,0.01666814669411263,0.6033174144231976,0.2608598625602302,0.5150792412455698,0.5133190570319935,0.46284501061571126,0.5637931034482758
breadth+calendar+interaction_consensus+rates_credit+volatility_options_core,breadth|calendar|interaction_consensus|rates_credit|volatility_options_core,5,87,3297,2007-06-08,2020-10-26,0.525614113268912,0.4963587109484942,0.029255402320417845,0.517969953606961,0.01630037451044964,0.5957417308018893,0.2606877223874779,0.5321950151671514,0.5306022031965453,0.4806800618238022,0.5805243445692884
technical_dynamics,technical_dynamics,1,42,3368,2007-06-08,2020-10-26,0.5034247148862057,0.4744509384704987,0.028973776415706975,0.5029705044707443,0.016934857556046717,0.5803745173569259,0.26066616088484273,0.5159959584456763,0.5084487534626039,0.49584487534626037,0.5210526315789473
calendar+futures_core+interaction_consensus+technical_dynamics,calendar|futures_core|interaction_consensus|technical_dynamics,4,73,3362,2007-06-08,2020-10-26,0.5116463925546877,0.4828885746775593,0.02875781787712839,0.5127773240480845,0.01366682670624451,0.578199848305578,0.2589305020506418,0.5177211449262351,0.516383608442388,0.46926536731634183,0.5635018495684341
calendar+equity_rotation+interaction_consensus+technical_dynamics,calendar|equity_rotation|interaction_consensus|technical_dynamics,4,73,3364,2007-06-08,2020-10-26,0.520258382907665,0.4915145890176082,0.028743793890056824,0.5230320127757042,0.014522673721004428,0.5913384240015491,0.2575783471835148,0.5272789282998613,0.5270812679387641,0.46417445482866043,0.5899880810488677
calendar+technical_dynamics,calendar|technical_dynamics,2,51,3368,2007-06-08,2020-10-26,0.5030860579401097,0.4744509384704987,0.02863511946961106,0.5099862743664522,0.03825897968307155,0.5685958550773277,0.25917189401295254,0.5202049804900106,0.5190138171879745,0.4222972972972973,0.6157303370786517
equity_rotation+futures_core+macro_cross_asset+technical_dynamics+volatility_options_short,equity_rotation|futures_core|macro_cross_asset|technical_dynamics|volatility_options_short,5,76,2451,2011-01-11,2020-10-26,0.5115209840758761,0.48296750564894103,0.028553478426935064,0.512547643004134,0.021516719503674994,0.5749111279084727,0.2636730843929147,0.521401722703924,0.5083270434977077,0.514760147601476,0.5018939393939394
breadth+calendar+futures_core+technical_dynamics+volatility_options_short,breadth|calendar|futures_core|technical_dynamics|volatility_options_short,5,82,2457,2011-01-11,2020-10-26,0.5095134123518403,0.48160409459536097,0.027909317756479368,0.5096302812023338,0.022037796751060275,0.5739054032958739,0.2656334145961432,0.5153051097374242,0.5148981932893605,0.42727272727272725,0.6025236593059937
breadth+futures_core+rates_credit+technical_dynamics,breadth|futures_core|rates_credit|technical_dynamics,4,83,3362,2007-06-08,2020-10-26,0.5106719633719363,0.4828885746775593,0.02778338869437702,0.5144210047545835,0.005512575564019631,0.5768421261590941,0.26011563230575746,0.5185347278331388,0.5179386823222439,0.42857142857142855,0.6073059360730594
equity_rotation+interaction_consensus+technical_dynamics+trend_direction,equity_rotation|interaction_consensus|technical_dynamics|trend_direction,4,82,3153,2008-04-10,2020-10-26,0.5149278315040297,0.48753548625346993,0.027392345250559724,0.5165344577703287,0.01588389512205167,0.5866418384225638,0.260360790067375,0.5213022432138114,0.5168509655058591,0.4939759036144578,0.5397260273972603
equity_rotation+futures_core+technical_dynamics+volatility_options_core+volatility_options_short,equity_rotation|futures_core|technical_dynamics|volatility_options_core|volatility_options_short,5,82,2393,2011-01-11,2020-10-26,0.5128095470080066,0.48591860945106197,0.02689093755694466,0.5125975634642771,0.03619358031582317,0.597025788228203,0.2658926097053157,0.5202304937504881,0.5202450002838236,0.44394110985277463,0.5965488907148726
breadth+futures_core+interaction_consensus+rates_credit+technical_dynamics,breadth|futures_core|interaction_consensus|rates_credit|technical_dynamics,5,95,3362,2007-06-08,2020-10-26,0.5092916778884998,0.4828885746775593,0.026403103210940526,0.5092704535657099,0.01812334591622732,0.5731667988387211,0.2578684830915082,0.5117268156926116,0.511621284677316,0.4465261514441842,0.5767164179104478
equity_rotation+technical_dynamics+trend_direction,equity_rotation|technical_dynamics|trend_direction,3,70,3157,2008-04-10,2020-10-26,0.5096043872254319,0.48444654849534763,0.02515783873008426,0.5105526258594438,0.05046393013861352,0.5824648449151625,0.25395445877677836,0.5238570046042406,0.5237939652914605,0.46166529266281947,0.5859226379201015
breadth+calendar+rates_credit+trend_direction+volatility_options_core,breadth|calendar|rates_credit|trend_direction|volatility_options_core,5,93,3090,2008-04-10,2020-10-26,0.5068974264770203,0.48197352997778126,0.02492389649923904,0.5128933457802255,0.008032017895412526,0.5817659183760501,0.2654183792594426,0.5120923651568432,0.5120543082444788,0.44387755102040816,0.5802310654685494
breadth+equity_rotation+futures_core+technical_dynamics+volatility_options_short,breadth|equity_rotation|futures_core|technical_dynamics|volatility_options_short,5,83,2457,2011-01-11,2020-10-26,0.5064899620030624,0.48160409459536097,0.024885867407701434,0.5071221801291254,0.021343269835576262,0.5706539146205749,0.2625559588005619,0.5169001304372484,0.5162366590036386,0.42479908151549944,0.6076742364917777
breadth+calendar+equity_rotation+rates_credit+volatility_options_short,breadth|calendar|equity_rotation|rates_credit|volatility_options_short,5,77,2463,2011-01-11,2020-10-26,0.504384505955709,0.47987161430502573,0.02451289165068332,0.5058138148408134,0.018760334713976642,0.5781932595724212,0.26300535342751297,0.5075092184326188,0.5072677010879258,0.42247191011235957,0.5920634920634921
equity_rotation+futures_core+technical_dynamics,equity_rotation|futures_core|technical_dynamics,3,62,3362,2007-06-08,2020-10-26,0.5069182601669808,0.4828885746775593,0.024029685489421526,0.5091066705622628,0.01884165499794803,0.5795009158754739,0.2567364010928151,0.5159948529191729,0.513056954383485,0.478134110787172,0.547979797979798
breadth+technical_dynamics,breadth|technical_dynamics,2,57,3368,2007-06-08,2020-10-26,0.49847697411879416,0.4744509384704987,0.024026035648295474,0.5016803171103994,0.01230687465678079,0.5764799004151366,0.2634929990280635,0.5067349934966702,0.5034932812652994,0.39092495636998253,0.6160616061606161
futures_core+interaction_consensus+volatility_options_core,futures_core|interaction_consensus|volatility_options_core,3,57,3295,2007-06-08,2020-10-26,0.5143963260763937,0.4904351028980737,0.023961223178320057,0.5140639306339739,0.025148088657020864,0.5929695289695712,0.2625474319388937,0.5268373536464945,0.5267771069618257,0.4433249370277078,0.6102292768959435
breadth+equity_rotation+futures_core+trend_direction,breadth|equity_rotation|futures_core|trend_direction,4,74,3151,2008-04-10,2020-10-26,0.5061669369616041,0.48245329514100976,0.023713641820594322,0.5113347140800565,0.019733849310123966,0.5811815065008084,0.2651924724765428,0.5084805914193644,0.5069955892111324,0.46588235294117647,0.5481088254810883
breadth+futures_core+interaction_consensus+rates_credit+volatility_options_short,breadth|futures_core|interaction_consensus|rates_credit|volatility_options_short,5,80,2457,2011-01-11,2020-10-26,0.5052848352520842,0.48160409459536097,0.023680740656723265,0.5059574320355814,0.00981608494551833,0.5838329230896773,0.2616652653051421,0.5065183179266148,0.5064565047562153,0.43844492440604754,0.574468085106383
equity_rotation+futures_core+trend_direction+volatility_options_short,equity_rotation|futures_core|trend_direction|volatility_options_short,4,65,2457,2011-01-11,2020-10-26,0.5050686213349969,0.48160409459536097,0.023464526739635894,0.5082414256661486,0.027958571521055107,0.5710642706814295,0.2629351123960918,0.5087265354732604,0.5077861424222534,0.4129181084198385,0.6026541764246682
futures_core+rates_credit+technical_dynamics+volatility_options_short,futures_core|rates_credit|technical_dynamics|volatility_options_short,4,74,2457,2011-01-11,2020-10-26,0.5045972041059378,0.48160409459536097,0.022993109510576815,0.507224198900006,0.019223902277513475,0.5745991323008062,0.26514715864870014,0.5145784891963932,0.5145512202240073,0.43680709534368073,0.5922953451043339
futures_core+interaction_consensus+rates_credit,futures_core|interaction_consensus|rates_credit,3,59,3362,2007-06-08,2020-10-26,0.5054612921566868,0.4828885746775593,0.02257271747912748,0.5054372682584706,0.018093046231127563,0.5765152355580605,0.25710163261022506,0.5093908040817547,0.5089108543319876,0.45176110260336905,0.566060606060606
calendar+equity_rotation+technical_dynamics,calendar|equity_rotation|technical_dynamics,3,61,3368,2007-06-08,2020-10-26,0.49689905604028156,0.4744509384704987,0.022448117569782877,0.49496580040547505,0.041872931654481,0.5623311168478,0.2601305066278588,0.5097912793975627,0.5088258280108875,0.4143692564745196,0.6032823995472553
equity_rotation+futures_core+technical_dynamics+trend_direction+volatility_options_core,equity_rotation|futures_core|technical_dynamics|trend_direction|volatility_options_core,5,94,3084,2008-04-10,2020-10-26,0.5039551884054162,0.48165673214469573,0.022298456260720467,0.507337085614755,0.007391302386360126,0.5884912921348548,0.26382221665970224,0.509100986004044,0.5088686481303931,0.4463087248322148,0.5714285714285714
breadth+futures_core+interaction_consensus,breadth|futures_core|interaction_consensus,3,58,3362,2007-06-08,2020-10-26,0.5049076817188856,0.4828885746775593,0.022019107041326258,0.49730622742217445,0.007593881360667023,0.5786976412689747,0.26292863428373664,0.5121644671873598,0.5115032548247568,0.456968773800457,0.5660377358490566
breadth+futures_core+technical_dynamics,breadth|futures_core|technical_dynamics,3,67,3362,2007-06-08,2020-10-26,0.50481416644223,0.4828885746775593,0.021925591764670682,0.5017724702154921,0.005859738496862701,0.5824130589639285,0.25848857133066355,0.5096414250231918,0.5087565358266812,0.41569282136894825,0.6018202502844141
breadth+interaction_consensus,breadth|interaction_consensus,2,48,3364,2007-06-08,2020-10-26,0.5133086579892949,0.4915145890176082,0.02179406897168673,0.5139050590607455,0.023080074076923474,0.5873829423526638,0.256918053793942,0.5164760104963397,0.5160668332870499,0.45692307692307693,0.5752105896510229
calendar+equity_rotation+futures_core+technical_dynamics+volatility_options_short,calendar|equity_rotation|futures_core|technical_dynamics|volatility_options_short,5,77,2457,2011-01-11,2020-10-26,0.5030695287245506,0.48160409459536097,0.02146543412918961,0.5082857101814875,0.03546657224295755,0.5795807750507427,0.26236400354881373,0.512728265184597,0.5109325108853411,0.4080188679245283,0.6138461538461538
futures_core+technical_dynamics+trend_direction+volatility_options_short,futures_core|technical_dynamics|trend_direction|volatility_options_short,4,76,2457,2011-01-11,2020-10-26,0.5030482617818862,0.48160409459536097,0.021444167186525254,0.5004505013754038,0.016764224521756826,0.574257379322481,0.2678708834144085,0.5244888844779675,0.5242722215947595,0.4613733905579399,0.587171052631579
calendar+equity_rotation,calendar|equity_rotation,2,40,3368,2007-06-08,2020-10-26,0.4958644776774832,0.4744509384704987,0.021413539206984522,0.500741955709525,0.02435593637274929,0.5614357468692264,0.2641181640964721,0.5096321850629958,0.5091533180778032,0.42105263157894735,0.597254004576659
calendar+trend_direction,calendar|trend_direction,2,48,3157,2008-04-10,2020-10-26,0.505400242152053,0.48444654849534763,0.020953693656705408,0.5065148340054845,0.018130663523373017,0.5775882110070588,0.26075256693319276,0.5045005509168681,0.49871225228059135,0.3768939393939394,0.6205305651672434
breadth+calendar+interaction_consensus+macro_cross_asset+rates_credit,breadth|calendar|interaction_consensus|macro_cross_asset|rates_credit,5,81,3356,2007-06-08,2020-10-26,0.5079258079780082,0.4869818463133069,0.02094396166470136,0.5087465763448668,0.01243405659381832,0.5741250982069888,0.2621908717974558,0.5141015915458048,0.5140202709081503,0.43527508090614886,0.5927654609101517
equity_rotation+interaction_consensus+trend_direction,equity_rotation|interaction_consensus|trend_direction,3,61,3153,2008-04-10,2020-10-26,0.5081316762940287,0.48753548625346993,0.020596190040558737,0.5086333997790847,0.017314474246218618,0.5720242667851139,0.256229560420847,0.5244265022776248,0.5142018968732072,0.3755020080321285,0.6529017857142857
equity_rotation+interaction_consensus+rates_credit,equity_rotation|interaction_consensus|rates_credit,3,59,3364,2007-06-08,2020-10-26,0.5121009825408895,0.4915145890176082,0.020586393523281343,0.5143328334038723,0.01594999007550201,0.5740553646603088,0.25597434122932344,0.5201912898271981,0.5167139740099249,0.4028268551236749,0.6306010928961748
futures_core+interaction_consensus+technical_dynamics+volatility_options_short,futures_core|interaction_consensus|technical_dynamics|volatility_options_short,4,70,2457,2011-01-11,2020-10-26,0.501779334202915,0.48160409459536097,0.02017523960755402,0.501138058079526,0.013984252735125751,0.5777537901257876,0.261899531846293,0.5074115295185164,0.5068534428640612,0.4168564920273349,0.5968503937007874
breadth+calendar+interaction_consensus+rates_credit+trend_direction,breadth|calendar|interaction_consensus|rates_credit|trend_direction,5,91,3153,2008-04-10,2020-10-26,0.5076155126071932,0.48753548625346993,0.020080026353723246,0.5094837939850536,0.0026682083956354376,0.5714158353731502,0.2600509493970739,0.5206790699821441,0.5186215532376329,0.41847826086956524,0.6187648456057007
equity_rotation+futures_core+interaction_consensus+technical_dynamics,equity_rotation|futures_core|interaction_consensus|technical_dynamics,4,74,3362,2007-06-08,2020-10-26,0.5026988508842805,0.4828885746775593,0.019810276206721156,0.5120494689977245,0.012534289079994631,0.5820863417212748,0.2625280444820157,0.5128583505401443,0.5090452240527842,0.4794816414686825,0.5386088066368858
calendar+equity_rotation+rates_credit,calendar|equity_rotation|rates_credit,3,56,3368,2007-06-08,2020-10-26,0.49390324459404894,0.4744509384704987,0.019452306123550256,0.49286560763118104,0.023950910336673733,0.566118714812432,0.2644585941328634,0.5057608895885318,0.5041032573147866,0.45959970348406226,0.5486068111455108
equity_rotation,equity_rotation,1,31,3368,2007-06-08,2020-10-26,0.49326500650332983,0.4744509384704987,0.018814068032831144,0.4899724782953889,0.0199897044867723,0.5740613119825222,0.26678354151082107,0.5027827552905844,0.49614074873485103,0.4805013927576602,0.5117801047120419
breadth+calendar+trend_direction,breadth|calendar|trend_direction,3,63,3157,2008-04-10,2020-10-26,0.5031253534875342,0.48444654849534763,0.01867880499218655,0.5038133867463861,0.0035421856552465595,0.5729019910001811,0.26010578331610296,0.5218795691536828,0.5172950728506284,0.4954954954954955,0.5390946502057613
interaction_consensus,interaction_consensus,1,33,3364,2007-06-08,2020-10-26,0.5101329188471918,0.4915145890176082,0.018618329829583613,0.5081976259384332,0.010195147644383376,0.5735433235655881,0.2590780993713928,0.5133645688896841,0.5125917104592043,0.45861807137433563,0.5665653495440729
futures_core+trend_direction,futures_core|trend_direction,2,49,3151,2008-04-10,2020-10-26,0.5010678405189664,0.48245329514100976,0.018614545377956593,0.5087372573825314,0.0013588506431907307,0.5576679093639384,0.2606145608836817,0.506052149371301,0.5059190031152648,0.42990654205607476,0.5819314641744548
interaction_consensus+technical_dynamics,interaction_consensus|technical_dynamics,2,54,3364,2007-06-08,2020-10-26,0.5099856868095004,0.4915145890176082,0.01847109779189221,0.5073350748896079,0.020282959891894672,0.5830644134234904,0.25893058587714146,0.5213998971239433,0.5181722704478138,0.48401162790697677,0.5523329129886507
equity_rotation+futures_core+interaction_consensus+trend_direction+volatility_options_core,equity_rotation|futures_core|interaction_consensus|trend_direction|volatility_options_core,5,85,3084,2008-04-10,2020-10-26,0.4985826602612549,0.48165673214469573,0.016925928116559186,0.5064695838471313,0.025909165444484943,0.5772927120680362,0.26089381468541084,0.5138831384765021,0.5128884360672441,0.46153846153846156,0.5642384105960265
interaction_consensus+trend_direction,interaction_consensus|trend_direction,2,51,3153,2008-04-10,2020-10-26,0.5040611171376835,0.48753548625346993,0.016525630884213605,0.5099036857909057,0.03582553445254512,0.5710352134148664,0.2578498737258555,0.5151712257628627,0.5151151024538325,0.4406779661016949,0.5895522388059702
equity_rotation+rates_credit+technical_dynamics+volatility_options_core,equity_rotation|rates_credit|technical_dynamics|volatility_options_core,4,82,3301,2007-06-08,2020-10-26,0.5091652195267414,0.49279353552363075,0.016371684003110676,0.5067562790537267,0.03139334190845982,0.5911746880132451,0.25643264126789195,0.5164204092531198,0.513733759491908,0.40071877807726863,0.6267487409065473
equity_rotation+interaction_consensus+macro_cross_asset,equity_rotation|interaction_consensus|macro_cross_asset,3,51,3356,2007-06-08,2020-10-26,0.503345137861365,0.4869818463133069,0.016363291548058156,0.5032124069388719,0.010945922389622036,0.5745332229418945,0.25837753340487796,0.5058302851863814,0.5058010533226429,0.4374508261211644,0.5741512805241215
interaction_consensus+rates_credit,interaction_consensus|rates_credit,2,49,3364,2007-06-08,2020-10-26,0.5076486111732343,0.4915145890176082,0.01613402215562615,0.5105124313296916,0.02559852132719879,0.5879004637526144,0.25887496424013023,0.5041942493775253,0.5032592390047104,0.408673894912427,0.5978445830969937
breadth+equity_rotation+futures_core,breadth|equity_rotation|futures_core,3,56,3362,2007-06-08,2020-10-26,0.4987300625430171,0.4828885746775593,0.015841487865457804,0.49843423615717936,0.01323956706782129,0.5727411566188351,0.26208684479055444,0.5160416105575006,0.5110503004666789,0.48756218905472637,0.5345384118786314
futures_core+interaction_consensus+macro_cross_asset+technical_dynamics,futures_core|interaction_consensus|macro_cross_asset|technical_dynamics,4,72,3356,2007-06-08,2020-10-26,0.5026100149465604,0.4869818463133069,0.01562816863325356,0.5077846608662596,0.004380486910136277,0.5818312925983541,0.25798564514797295,0.5070949219248766,0.5047257185168484,0.3986194995685936,0.6108319374651033
equity_rotation+technical_dynamics+volatility_options_core+volatility_options_short,equity_rotation|technical_dynamics|volatility_options_core|volatility_options_short,4,72,2399,2011-01-11,2020-10-26,0.49869603013619246,0.4833344478374904,0.015361582298702048,0.4986796768374739,0.016617832273373233,0.5791962032590323,0.265135871183252,0.519749013663821,0.519749013663821,0.4434389140271493,0.5960591133004927
futures_core+interaction_consensus+rates_credit+technical_dynamics,futures_core|interaction_consensus|rates_credit|technical_dynamics,4,80,3362,2007-06-08,2020-10-26,0.4980717149953616,0.4828885746775593,0.015183140317802324,0.4996357437425793,0.006516765365914536,0.5712576894639594,0.2590518425352669,0.5012231798186552,0.5011924582639607,0.4249201277955272,0.5774647887323944
breadth+equity_rotation+futures_core+trend_direction+volatility_options_core,breadth|equity_rotation|futures_core|trend_direction|volatility_options_core,5,88,3084,2008-04-10,2020-10-26,0.49674471893079575,0.48165673214469573,0.015087986786100016,0.4971955229422334,0.01349197899360768,0.5797409821754543,0.2595967605860607,0.4996527846235068,0.49747337441527284,0.4570063694267516,0.537940379403794
futures_core+technical_dynamics+trend_direction,futures_core|technical_dynamics|trend_direction,3,70,3151,2008-04-10,2020-10-26,0.49743465532129993,0.48245329514100976,0.01498136018029017,0.5005855804411838,0.023287382755517616,0.5646142778541972,0.2575199765108588,0.5088860338254808,0.5046655581955515,0.391425908667288,0.6179052077238151
breadth+equity_rotation+rates_credit,breadth|equity_rotation|rates_credit,3,62,3368,2007-06-08,2020-10-26,0.48940394516734675,0.4744509384704987,0.01495300669684807,0.49035548942090906,0.019892975088646514,0.5632534657018125,0.2628048914614734,0.5062437548495861,0.5051888648435963,0.4096989966555184,0.6006787330316742
breadth+calendar+futures_smallcap+rates_credit+technical_dynamics,breadth|calendar|futures_smallcap|rates_credit|technical_dynamics,5,90,824,2017-07-18,2020-10-26,0.5465811965811965,0.531898656898657,0.01468253968253952,0.5338339715296663,0.021715338657628935,0.5904910401584421,0.2609515746248219,0.568040293040293,0.567980616904296,0.48299319727891155,0.6529680365296804
equity_rotation+futures_core+macro_cross_asset+trend_direction+volatility_options_core,equity_rotation|futures_core|macro_cross_asset|trend_direction|volatility_options_core,5,81,3078,2008-04-10,2020-10-26,0.4964292008106441,0.48179795576702794,0.014631245043616181,0.4931361635500339,0.011411552608240323,0.5788983232139848,0.26190754759605905,0.5063309542690986,0.5056714638833386,0.4508670520231214,0.5604758757435558
equity_rotation+futures_core+volatility_options_core,equity_rotation|futures_core|volatility_options_core,3,55,3295,2007-06-08,2020-10-26,0.5050097177160232,0.4904351028980737,0.014574614817949527,0.5052917244617733,0.021483521397785033,0.5882831267579918,0.2568269379762917,0.5169100014106361,0.51675532161426,0.4489139179404666,0.5845967252880534
breadth+futures_core,breadth|futures_core,2,46,3362,2007-06-08,2020-10-26,0.4973460364485142,0.4828885746775593,0.014457461770954916,0.49720823662812075,0.01631184924525116,0.5681438137875418,0.2611955247622811,0.5138944998054882,0.5100504996655972,0.39469026548672564,0.6254107338444688
calendar+futures_core+rates_credit,calendar|futures_core|rates_credit,3,56,3362,2007-06-08,2020-10-26,0.49734042553191493,0.4828885746775593,0.01445185085435563,0.49983995825434163,0.00837106112884113,0.5770271970700065,0.2624230422205427,0.49909664242750695,0.49898771663515895,0.43390357698289267,0.5640718562874252
calendar+futures_core+interaction_consensus,calendar|futures_core|interaction_consensus,3,52,3362,2007-06-08,2020-10-26,0.4972469102552593,0.4828885746775593,0.014358335577699999,0.49783169396460664,0.016941789961106297,0.5675844120014607,0.2673905897825973,0.5009669479606189,0.5002367890645127,0.40894039735099336,0.5915331807780321
equity_rotation+futures_core+volatility_options_short,equity_rotation|futures_core|volatility_options_short,3,47,2457,2011-01-11,2020-10-26,0.49567572165825435,0.48160409459536097,0.014071627062893388,0.4943347282386616,0.020208221803904695,0.5616163667200251,0.26033446056016607,0.510154965122214,0.5097979552093476,0.4230769230769231,0.5965189873417721
calendar+futures_core+technical_dynamics+volatility_options_short,calendar|futures_core|technical_dynamics|volatility_options_short,4,67,2457,2011-01-11,2020-10-26,0.4955941983780412,0.48160409459536097,0.01399010378268023,0.49643349730107517,0.013755782101884769,0.5718175981045028,0.27087404028103457,0.4936128282198151,0.4933758978451716,0.40893854748603353,0.5778132482043097
futures_core+technical_dynamics+volatility_options_core+volatility_options_short,futures_core|technical_dynamics|volatility_options_core|volatility_options_short,4,72,2393,2011-01-11,2020-10-26,0.49984566810833725,0.48591860945106197,0.013927058657275282,0.49994564779243583,0.021563134785042425,0.5820801911189293,0.2671555113950478,0.5038471407692794,0.5035552682611506,0.43736263736263736,0.5697478991596638
breadth+calendar+macro_cross_asset+rates_credit+technical_dynamics,breadth|calendar|macro_cross_asset|rates_credit|technical_dynamics,5,90,3356,2007-06-08,2020-10-26,0.5008712567879166,0.4869818463133069,0.013889410474609676,0.5026063213541163,0.012701218108718817,0.5825593418315644,0.2662185274970627,0.5085323078540795,0.5079445487792824,0.41887417218543044,0.5970149253731343
breadth+futures_core+technical_dynamics+trend_direction+volatility_options_short,breadth|futures_core|technical_dynamics|trend_direction|volatility_options_short,5,91,2457,2011-01-11,2020-10-26,0.49544532977939093,0.48160409459536097,0.013841235184029965,0.4964175968124624,0.0191681589500689,0.5809574796318646,0.26534574811761874,0.519055180627233,0.5182433625289584,0.42494226327944573,0.6115444617784711
technical_dynamics+trend_direction,technical_dynamics|trend_direction,2,60,3157,2008-04-10,2020-10-26,0.49794505913453685,0.48444654849534763,0.01349851063918922,0.4977906237523418,0.013628883971753977,0.5684371445813081,0.25645893294118477,0.49998847892481135,0.499812382739212,0.44065040650406506,0.558974358974359
equity_rotation+interaction_consensus+macro_cross_asset+technical_dynamics,equity_rotation|interaction_consensus|macro_cross_asset|technical_dynamics,4,72,3356,2007-06-08,2020-10-26,0.5000394318804876,0.4869818463133069,0.01305758556718073,0.5035112251027615,0.026231136307770343,0.5705872488226846,0.25979482311798086,0.5072648545526923,0.5034758029612452,0.3883495145631068,0.6186020913593836
futures_core+macro_cross_asset+technical_dynamics,futures_core|macro_cross_asset|technical_dynamics,3,60,3356,2007-06-08,2020-10-26,0.4999774674968642,0.4869818463133069,0.012995621183557349,0.4979907015941618,0.012545759624823653,0.5741486821337636,0.2583194402236108,0.5135467286560864,0.513496900323086,0.44654088050314467,0.5804529201430274
breadth+equity_rotation+interaction_consensus,breadth|equity_rotation|interaction_consensus,3,58,3364,2007-06-08,2020-10-26,0.5044635535477331,0.4915145890176082,0.012948964530124896,0.5017852103425486,0.019399336520755303,0.5834713399047531,0.26645966467826215,0.522595458543931,0.5190767811644524,0.4866039102099928,0.551549652118912
breadth+calendar+macro_cross_asset,breadth|calendar|macro_cross_asset,3,53,3356,2007-06-08,2020-10-26,0.4998479056038335,0.4869818463133069,0.012866059290526644,0.498809017743,0.029598778830327237,0.5646123357412067,0.2649078469720044,0.5170786985226189,0.5170712174210037,0.44176706827309237,0.592375366568915
breadth+futures_core+rates_credit+technical_dynamics+volatility_options_short,breadth|futures_core|rates_credit|technical_dynamics|volatility_options_short,5,89,2457,2011-01-11,2020-10-26,0.49407006748709803,0.48160409459536097,0.012465972891737065,0.49374333659724606,0.0203581538790359,0.5759065045295676,0.26877589197792473,0.4980328078035502,0.49569450562425355,0.3881656804733728,0.6032233307751343
calendar+futures_core,calendar|futures_core,2,40,3362,2007-06-08,2020-10-26,0.49524942394589583,0.4828885746775593,0.012360849268336527,0.49820854920762336,0.005411497705383865,0.5652131050577478,0.26511199378825884,0.5118670886075949,0.5082434904090956,0.47763347763347763,0.5388535031847134
futures_core+rates_credit+volatility_options_short,futures_core|rates_credit|volatility_options_short,3,53,2457,2011-01-11,2020-10-26,0.4939495548120002,0.48160409459536097,0.012345460216639237,0.49628401540568357,0.018669224233377975,0.5638823274525002,0.26713271629444674,0.508308285600862,0.5082084632516704,0.42761692650334077,0.5888
breadth+calendar+futures_core+rates_credit+volatility_options_core,breadth|calendar|futures_core|rates_credit|volatility_options_core,5,85,3295,2007-06-08,2020-10-26,0.5022550586981396,0.4904351028980737,0.011819955800065896,0.5023147526789775,0.005867740313207151,0.5767481876307211,0.2597058315164805,0.5151173179103776,0.5151266766020864,0.43934426229508194,0.5909090909090909
equity_rotation+futures_core+rates_credit,equity_rotation|futures_core|rates_credit,3,57,3362,2007-06-08,2020-10-26,0.4945312266211808,0.4828885746775593,0.011642651943621518,0.4990491982835694,0.029946239665181222,0.561474881751241,0.26334369860547036,0.5088409342550199,0.5076943574711879,0.4117647058823529,0.6036240090600227
breadth+futures_core+interaction_consensus+technical_dynamics,breadth|futures_core|interaction_consensus|technical_dynamics,4,79,3362,2007-06-08,2020-10-26,0.49449007989945243,0.4828885746775593,0.011601505221893127,0.49426267469487684,0.01648763153522139,0.5731263029366356,0.2568400562941752,0.4979277014693121,0.4947373489335067,0.3826086956521739,0.6068660022148394
equity_rotation+futures_core+macro_cross_asset+trend_direction,equity_rotation|futures_core|macro_cross_asset|trend_direction,4,67,3145,2008-04-10,2020-10-26,0.49968776371308016,0.48811603375527424,0.01157172995780592,0.5062433850469642,0.033394605792363946,0.5702316375199656,0.2632874967734811,0.5192721518987342,0.514878331948075,0.4007525870178739,0.6290040768782761
equity_rotation+interaction_consensus+volatility_options_core,equity_rotation|interaction_consensus|volatility_options_core,3,57,3297,2007-06-08,2020-10-26,0.5075542577477562,0.4963587109484942,0.01119554679926199,0.5087630875402867,0.019952677913532373,0.5874388064637408,0.2657239084336069,0.5126418988648092,0.5122990004345936,0.42203389830508475,0.6025641025641025
breadth+calendar+rates_credit+technical_dynamics+trend_direction,breadth|calendar|rates_credit|technical_dynamics|trend_direction,5,100,3157,2008-04-10,2020-10-26,0.49523446435379337,0.48444654849534763,0.01078791585844574,0.49582808148370733,0.017664190856770273,0.5669739790307562,0.2657863955578659,0.5107983895631627,0.5107873936380207,0.4395973154362416,0.5819774718397998
breadth+futures_core+technical_dynamics+volatility_options_core,breadth|futures_core|technical_dynamics|volatility_options_core,4,81,3295,2007-06-08,2020-10-26,0.5011598564285826,0.4904351028980737,0.010724753530508946,0.5082168875108398,0.009550489822104975,0.5916669057720088,0.25889432628379494,0.5007876052099497,0.5007871895008753,0.42448979591836733,0.5770845830833833
breadth+calendar+interaction_consensus+rates_credit+volatility_options_short,breadth|calendar|interaction_consensus|rates_credit|volatility_options_short,5,79,2459,2011-01-11,2020-10-26,0.5008990350003014,0.490334043813327,0.010564991186974404,0.5004203731051219,0.03644016475143443,0.5696676076977074,0.2642474829393626,0.5080363444208407,0.5032785568626292,0.380716934487021,0.6258401792382375
trend_direction,trend_direction,1,39,3157,2008-04-10,2020-10-26,0.4949118742485117,0.48444654849534763,0.010465325753164056,0.500227415801152,0.018514373371356464,0.5693719536504983,0.2612568135734855,0.501213902376693,0.5001435406698564,0.4087719298245614,0.5915151515151515
breadth+calendar+futures_core+rates_credit,breadth|calendar|futures_core|rates_credit,4,71,3362,2007-06-08,2020-10-26,0.49314720052667804,0.4828885746775593,0.010258625849118741,0.4958965897035303,0.016731896491039802,0.5750659299478279,0.2607887528843545,0.5139337762216836,0.5052929204127374,0.49759450171821307,0.5129913391072618
breadth+calendar+futures_core+rates_credit+technical_dynamics,breadth|calendar|futures_core|rates_credit|technical_dynamics,5,92,3362,2007-06-08,2020-10-26,0.4924963342011551,0.4828885746775593,0.009607759523595771,0.49525296950092734,0.008720493605052119,0.5564641565569924,0.26584794274761236,0.5073428195229973,0.5073229393025169,0.4316546762589928,0.5829912023460411
breadth+calendar+volatility_options_short,breadth|calendar|volatility_options_short,3,51,2463,2011-01-11,2020-10-26,0.4894333052592839,0.47987161430502573,0.009561690954258184,0.4954910205243304,0.011334722639614325,0.5689783862061002,0.2710789333795691,0.5036006737771864,0.4970786376679004,0.4797687861271676,0.5143884892086331
breadth+calendar+equity_rotation+futures_core+futures_smallcap+interaction_consensus+macro_cross_asset+rates_credit+technical_dynamics+trend_direction+volatility_options_core+volatility_options_short,breadth|calendar|equity_rotation|futures_core|futures_smallcap|interaction_consensus|macro_cross_asset|rates_credit|technical_dynamics|trend_direction|volatility_options_core|volatility_options_short,12,168,782,2017-07-18,2020-10-26,0.5312874450805486,0.5219012115563839,0.009386233524164678,0.5230703392468098,0.033749429478742564,0.6080302523895563,0.2650612088642939,0.5339502063639995,0.5338723776223776,0.44755244755244755,0.6201923076923077
equity_rotation+futures_core+rates_credit+trend_direction+volatility_options_core,equity_rotation|futures_core|rates_credit|trend_direction|volatility_options_core,5,89,3084,2008-04-10,2020-10-26,0.4910370238932373,0.48165673214469573,0.009380291748541547,0.4970010019160944,0.03608949812994065,0.564179350714756,0.26753998792687583,0.4978027948099516,0.4972679833549818,0.40783615316117544,0.5866998135487881
equity_rotation+interaction_consensus+rates_credit+technical_dynamics,equity_rotation|interaction_consensus|rates_credit|technical_dynamics,4,80,3364,2007-06-08,2020-10-26,0.5008889833161874,0.4915145890176082,0.00937439429857917,0.5069871619032394,0.013882953967249203,0.5779851554145321,0.26021668566405176,0.5160818386485962,0.5128360894870329,0.47895500725689405,0.5467171717171717
equity_rotation+macro_cross_asset+rates_credit,equity_rotation|macro_cross_asset|rates_credit,3,55,3356,2007-06-08,2020-10-26,0.49634410136622076,0.4869818463133069,0.009362255052913881,0.49546353494173395,0.038262403375580324,0.5672118812576346,0.26337287921250335,0.514716541110552,0.5147260093699005,0.4426751592356688,0.5867768595041323
breadth+equity_rotation+futures_core+rates_credit,breadth|equity_rotation|futures_core|rates_credit,4,72,3362,2007-06-08,2020-10-26,0.4918623006254302,0.4828885746775593,0.00897372594787088,0.49420315513485447,0.0028886006302754987,0.5673223225712898,0.2641336521657327,0.4979333123859113,0.4976122679832162,0.4377880184331797,0.5574365175332527
futures_core+interaction_consensus+trend_direction,futures_core|interaction_consensus|trend_direction,3,61,3151,2008-04-10,2020-10-26,0.49140462099033255,0.48245329514100976,0.008951325849322789,0.4952554172088038,0.013658406905046456,0.5676025268100126,0.2577154676170043,0.5010130794667116,0.4983516999569828,0.46661550268610896,0.5300878972278567
equity_rotation+futures_core+technical_dynamics+volatility_options_core,equity_rotation|futures_core|technical_dynamics|volatility_options_core,4,76,3295,2007-06-08,2020-10-26,0.49916145514960586,0.4904351028980737,0.008726352251532177,0.499273250533017,0.024341742262175167,0.5760907000663479,0.25984718645473687,0.5089575398504725,0.5089071269231991,0.43724696356275305,0.5805672902836452
breadth+calendar+rates_credit+trend_direction+volatility_options_short,breadth|calendar|rates_credit|trend_direction|volatility_options_short,5,85,2463,2011-01-11,2020-10-26,0.4884707664215496,0.47987161430502573,0.008599152116523845,0.4895760099985205,0.016996079849049668,0.5645741979090008,0.26921800822914926,0.5088114768601417,0.5010806167828099,0.48854961832061067,0.5136116152450091
breadth+calendar+macro_cross_asset+rates_credit+volatility_options_core,breadth|calendar|macro_cross_asset|rates_credit|volatility_options_core,5,83,3289,2007-06-08,2020-10-26,0.4980938404884805,0.4895712026312477,0.008522637857232784,0.49796531081810436,0.016718746674362395,0.572839901492876,0.267371904882191,0.5103569967266776,0.505974919207711,0.38341013824884795,0.6285397001665741
breadth+futures_core+interaction_consensus+rates_credit+volatility_options_core,breadth|futures_core|interaction_consensus|rates_credit|volatility_options_core,5,88,3295,2007-06-08,2020-10-26,0.49887540947634046,0.4904351028980737,0.008440306578266776,0.501120273527139,0.018833229319843003,0.5744379194506296,0.2595983166222404,0.5130189965674519,0.5093150147655962,0.47470238095238093,0.5439276485788114
equity_rotation+rates_credit+volatility_options_short,equity_rotation|rates_credit|volatility_options_short,3,53,2463,2011-01-11,2020-10-26,0.488024884459952,0.47987161430502573,0.008153270154926284,0.49153246187608035,0.03807490940855832,0.5731388598555888,0.26691764463018974,0.4982217802722003,0.49567021005291145,0.45720040281973817,0.5341400172860847
breadth+futures_core+interaction_consensus+macro_cross_asset+rates_credit,breadth|futures_core|interaction_consensus|macro_cross_asset|rates_credit,5,82,3356,2007-06-08,2020-10-26,0.4950512989988058,0.4869818463133069,0.008069452685498912,0.49622507947346645,0.006726148181800568,0.5539641080273248,0.2620670829318129,0.5085022645165651,0.5070621468926554,0.40847457627118644,0.6056497175141243
equity_rotation+futures_core+interaction_consensus+technical_dynamics+volatility_options_short,equity_rotation|futures_core|interaction_consensus|technical_dynamics|volatility_options_short,5,80,2457,2011-01-11,2020-10-26,0.4891361367889753,0.48160409459536097,0.007532042193614308,0.4943113108922694,0.020405354112781077,0.5683650015426802,0.2614162776278444,0.4947612431236885,0.49473628148910864,0.4175824175824176,0.5718901453957996
rates_credit,rates_credit,1,37,3368,2007-06-08,2020-10-26,0.48184929021597755,0.4744509384704987,0.0073983517454788705,0.4862794101522862,0.010944297119277899,0.5599611219363322,0.26586909247196056,0.49639107062113774,0.4951026318030832,0.3969849246231156,0.5932203389830508
equity_rotation+rates_credit+trend_direction,equity_rotation|rates_credit|trend_direction,3,65,3157,2008-04-10,2020-10-26,0.4917320574964494,0.48444654849534763,0.007285509001101753,0.4965371037539448,0.026712470258463426,0.5630342009759439,0.26159299471698094,0.5121913922905155,0.5063409897046358,0.4911242603550296,0.521557719054242
equity_rotation+trend_direction,equity_rotation|trend_direction,2,49,3157,2008-04-10,2020-10-26,0.49128587767550785,0.48444654849534763,0.006839329180160225,0.495559653124404,0.0055408643580068416,0.5548767454156383,0.2623450776383549,0.5026446104410268,0.5018177032784459,0.4132519616390584,0.5903834449178332
calendar+interaction_consensus,calendar|interaction_consensus,2,42,3364,2007-06-08,2020-10-26,0.4978716583918534,0.4915145890176082,0.006357069374245183,0.5033655977778096,0.025494100333680148,0.5779723638743874,0.26719886324523906,0.5096362436820683,0.5095971444286052,0.4317817014446228,0.5874125874125874
futures_core+rates_credit+technical_dynamics+volatility_options_core,futures_core|rates_credit|technical_dynamics|volatility_options_core,4,82,3295,2007-06-08,2020-10-26,0.4967241892760301,0.4904351028980737,0.006289086377956443,0.4943051602240822,0.03117172101451892,0.5775489381834468,0.25794276776758607,0.5054427046598016,0.5009597537040157,0.47093451066961,0.5309849967384214
macro_cross_asset,macro_cross_asset,1,29,3356,2007-06-08,2020-10-26,0.49299426923336914,0.4869818463133069,0.006012422920062266,0.49312133854139545,0.028742416222464644,0.5601800990297887,0.2675879770104059,0.5089623031222539,0.5088898321071496,0.4306451612903226,0.5871345029239766
breadth+futures_core+macro_cross_asset+rates_credit,breadth|futures_core|macro_cross_asset|rates_credit,4,70,3356,2007-06-08,2020-10-26,0.4928985060950421,0.4869818463133069,0.005916659781735223,0.4945415564196279,0.01103018741272822,0.5673408739335022,0.2602727357961464,0.5076751338806228,0.5064827005010467,0.45830202854996244,0.5546633724521309
breadth+calendar+macro_cross_asset+rates_credit+volatility_options_short,breadth|calendar|macro_cross_asset|rates_credit|volatility_options_short,5,75,2451,2011-01-11,2020-10-26,0.488700333046573,0.48296750564894103,0.005732827397631979,0.48943636998994483,0.014274699981069797,0.5642789336408062,0.2662307555728318,0.5103822717845656,0.502553472617895,0.491395793499044,0.5137111517367459
equity_rotation+interaction_consensus+volatility_options_short,equity_rotation|interaction_consensus|volatility_options_short,3,49,2459,2011-01-11,2020-10-26,0.49529558213846203,0.490334043813327,0.004961538325135018,0.49786080532193955,0.018145253119108546,0.5846571182271194,0.2620292767715469,0.5094177019459586,0.5094112252188843,0.4326710816777042,0.5861513687600645
calendar+rates_credit,calendar|rates_credit,2,46,3368,2007-06-08,2020-10-26,0.47909723734083587,0.4744509384704987,0.004646298870337184,0.4766459448758719,0.023213701170401647,0.5572818240752468,0.2647905680778271,0.4925448953047633,0.48860300549231905,0.3712784588441331,0.605927552140505
breadth+calendar+futures_core+interaction_consensus+rates_credit,breadth|calendar|futures_core|interaction_consensus|rates_credit,5,83,3362,2007-06-08,2020-10-26,0.48730343088846995,0.4828885746775593,0.004414856210910645,0.4887268354559066,0.009124505416984294,0.5683070584312343,0.2634962817609845,0.4966914295119251,0.49206196262072466,0.46766169154228854,0.5164622336991608
futures_core+technical_dynamics+trend_direction+volatility_options_core,futures_core|technical_dynamics|trend_direction|volatility_options_core,4,84,3084,2008-04-10,2020-10-26,0.4859503733934443,0.48165673214469573,0.004293641248748592,0.4952229163773951,0.028829609631770333,0.5628802195554452,0.2640751728784809,0.512168967926938,0.49185340807237476,0.3181312569521691,0.6655755591925805
equity_rotation+macro_cross_asset+technical_dynamics,equity_rotation|macro_cross_asset|technical_dynamics,3,60,3356,2007-06-08,2020-10-26,0.4911109275129374,0.4869818463133069,0.004129081199630513,0.4923125788115803,0.02004468178680848,0.5674794363810487,0.26153014993145496,0.4974613379800362,0.4969106153864399,0.4082304526748971,0.5855907780979827
calendar+equity_rotation+interaction_consensus,calendar|equity_rotation|interaction_consensus,3,52,3364,2007-06-08,2020-10-26,0.4956016758360543,0.4915145890176082,0.004087086818446106,0.4960841251420893,0.0061273509224336505,0.5745257959024181,0.270900594562528,0.5078545496563344,0.5035421974474958,0.4760543245175125,0.5310300703774792
breadth+calendar+futures_core,breadth|calendar|futures_core,3,55,3362,2007-06-08,2020-10-26,0.4868741957686207,0.4828885746775593,0.003985621091061375,0.49032875199313297,0.009475971623770237,0.568759579233282,0.2678053222690356,0.5004975012718078,0.5001932367149758,0.44,0.5603864734299517
volatility_options_short,volatility_options_short,1,27,2463,2011-01-11,2020-10-26,0.48374300213032495,0.47987161430502573,0.0038713878252992218,0.4829560569813025,0.016126066903268645,0.5576412242440917,0.2599226396154898,0.49876320836842586,0.4985936861966516,0.4337606837606838,0.5634266886326195
calendar+equity_rotation+futures_core+trend_direction+volatility_options_core,calendar|equity_rotation|futures_core|trend_direction|volatility_options_core,5,82,3084,2008-04-10,2020-10-26,0.48474771571713665,0.48165673214469573,0.0030909835724409196,0.4819628284067438,0.009123071832925541,0.5749584657776948,0.2649793262112667,0.49911279351747795,0.49547253458311624,0.3798670465337132,0.6110780226325193
breadth+calendar+rates_credit+trend_direction,breadth|calendar|rates_credit|trend_direction,4,79,3157,2008-04-10,2020-10-26,0.48746297545382566,0.48444654849534763,0.0030164269584780357,0.48915282572645663,0.0015656066750985573,0.5719196409665872,0.26033483264486357,0.5123966769029674,0.49673693035233746,0.5162180814354728,0.4772557792692021
equity_rotation+interaction_consensus+technical_dynamics+volatility_options_short,equity_rotation|interaction_consensus|technical_dynamics|volatility_options_short,4,70,2459,2011-01-11,2020-10-26,0.493153502690012,0.490334043813327,0.0028194588766849993,0.492488930943674,0.028796010128170242,0.5719779276191457,0.26316762175971053,0.5068624565111768,0.5046175036640717,0.3971462544589774,0.612088752869166
breadth+calendar+equity_rotation+rates_credit+technical_dynamics,breadth|calendar|equity_rotation|rates_credit|technical_dynamics,5,92,3368,2007-06-08,2020-10-26,0.47686805590444664,0.4744509384704987,0.0024171174339479573,0.48108236188224723,0.025502900186412825,0.5575096394628098,0.2679697750562029,0.48819352569792174,0.4835024726165966,0.36187113857016767,0.6051338066630256
breadth+calendar+rates_credit+technical_dynamics+volatility_options_core,breadth|calendar|rates_credit|technical_dynamics|volatility_options_core,5,96,3301,2007-06-08,2020-10-26,0.4952005628740881,0.49279353552363075,0.002407027350457336,0.4939341597618647,0.021047228496121943,0.5655168126515893,0.26244483190656837,0.5089771400617056,0.5089114126043075,0.4374495560936239,0.580373269114991
breadth+futures_core+rates_credit+trend_direction,breadth|futures_core|rates_credit|trend_direction,4,80,3151,2008-04-10,2020-10-26,0.48483118852545337,0.48245329514100976,0.002377893384443608,0.4886915666350286,0.027890285735250774,0.5627414254483833,0.261955442543421,0.49465974430800985,0.4946392366850957,0.42343096234309624,0.5658475110270952
equity_rotation+futures_core+interaction_consensus+trend_direction,equity_rotation|futures_core|interaction_consensus|trend_direction,4,71,3151,2008-04-10,2020-10-26,0.48441837443922575,0.48245329514100976,0.001965079298215988,0.4788590173906105,0.007850836507013782,0.5454879096463768,0.26502184668688017,0.49869205332884015,0.49860150356865,0.4239864864864865,0.5732165206508135
breadth+equity_rotation,breadth|equity_rotation,2,46,3368,2007-06-08,2020-10-26,0.4751840749362227,0.4744509384704987,0.000733136465724038,0.4746871850050929,0.006874216369498395,0.5544746353036747,0.265587938430857,0.4876967047934844,0.48768859202409154,0.4175136825645035,0.5578635014836796
base_only,,0,21,3368,2007-06-08,2020-10-26,0.4744509384704987,0.4744509384704987,0.0,0.47302042698807584,0.03123919005796385,0.5512956741479699,0.2601387891521637,0.5010103885809344,0.4884404021694009,0.33621517771373677,0.640665626625065
futures_core+rates_credit+volatility_options_core,futures_core|rates_credit|volatility_options_core,3,61,3295,2007-06-08,2020-10-26,0.49006089246250056,0.4904351028980737,-0.00037421043557311906,0.4892825660805297,0.019240337330969293,0.5801081540955841,0.2592362111523865,0.49788404570461275,0.4904023921136615,0.35260663507109,0.628198149156233
calendar+equity_rotation+futures_core+trend_direction,calendar|equity_rotation|futures_core|trend_direction,4,68,3151,2008-04-10,2020-10-26,0.4820467996377346,0.48245329514100976,-0.0004064955032751505,0.48121541476545593,0.015584052758829325,0.5510094167843278,0.26308590731691334,0.5133480064870785,0.5001484998118246,0.35173824130879344,0.6485587583148559
equity_rotation+futures_core+trend_direction+volatility_options_core+volatility_options_short,equity_rotation|futures_core|trend_direction|volatility_options_core|volatility_options_short,5,79,2393,2011-01-11,2020-10-26,0.48527153115830735,0.48591860945106197,-0.0006470782927546215,0.48843627707741605,0.033511138251169414,0.5620172740320817,0.2682367417051334,0.5017088073305789,0.49917763157894735,0.45625,0.5421052631578948
breadth+calendar+equity_rotation+rates_credit+volatility_options_core,breadth|calendar|equity_rotation|rates_credit|volatility_options_core,5,85,3301,2007-06-08,2020-10-26,0.4919437671634693,0.49279353552363075,-0.0008497683601614292,0.49274597603426434,0.004204454832712162,0.5696303023255009,0.26164763827862575,0.5081848674965551,0.5071019307621937,0.45271317829457364,0.5614906832298137
breadth+calendar+equity_rotation+interaction_consensus+rates_credit,breadth|calendar|equity_rotation|interaction_consensus|rates_credit,5,83,3364,2007-06-08,2020-10-26,0.4902379567920562,0.4915145890176082,-0.0012766322255520213,0.4895511394493635,0.029522217079118004,0.5609650349271433,0.26366868379525704,0.5038858075770452,0.5011496896388983,0.3913419913419913,0.6109573879358052
breadth+equity_rotation+technical_dynamics+volatility_options_core,breadth|equity_rotation|technical_dynamics|volatility_options_core,4,81,3301,2007-06-08,2020-10-26,0.49129864485334684,0.49279353552363075,-0.0014948906702839104,0.49979409189669766,0.01626995643000548,0.5742608941495001,0.26321448623824434,0.5035549942406754,0.5031200897433604,0.4404104183109708,0.5658297611757501
equity_rotation+interaction_consensus+technical_dynamics+volatility_options_core,equity_rotation|interaction_consensus|technical_dynamics|volatility_options_core,4,78,3297,2007-06-08,2020-10-26,0.49484199580948807,0.4963587109484942,-0.0015167151390061417,0.4969356964001946,0.011604854980920273,0.5676394369483466,0.2640951604943571,0.513341620539763,0.5127268438051823,0.4181662382176521,0.6072874493927125
calendar+futures_core+technical_dynamics,calendar|futures_core|technical_dynamics,3,61,3362,2007-06-08,2020-10-26,0.4808854774515965,0.4828885746775593,-0.0020030972259628133,0.4828174184495097,0.017190526411955006,0.5484157324724693,0.262273692933471,0.5061233803154084,0.5058173286645681,0.42122448979591837,0.5904101675332178
equity_rotation+futures_core+technical_dynamics+trend_direction+volatility_options_short,equity_rotation|futures_core|technical_dynamics|trend_direction|volatility_options_short,5,86,2457,2011-01-11,2020-10-26,0.4792434639596212,0.48160409459536097,-0.002360630635739769,0.48350096781345986,0.002720363457514347,0.5523378190235813,0.2694687840202041,0.5001595020699824,0.4970197965117606,0.38415366146458585,0.6098859315589353
equity_rotation+futures_smallcap+technical_dynamics,equity_rotation|futures_smallcap|technical_dynamics,3,60,824,2017-07-18,2020-10-26,0.5293040293040293,0.531898656898657,-0.0025946275946276964,0.5233946079469564,0.028240355069045,0.595271651720083,0.2591491007333013,0.5388278388278388,0.5385106189043842,0.4779874213836478,0.5990338164251208
calendar+equity_rotation+technical_dynamics+volatility_options_core,calendar|equity_rotation|technical_dynamics|volatility_options_core,4,75,3301,2007-06-08,2020-10-26,0.49008246261311567,0.49279353552363075,-0.002711072910515089,0.49416139808028237,0.010307827524687107,0.5718597574545219,0.26333203848990594,0.4964664448693286,0.4964281789207605,0.4148148148148148,0.5780415430267062
breadth+futures_core+macro_cross_asset+technical_dynamics+volatility_options_short,breadth|futures_core|macro_cross_asset|technical_dynamics|volatility_options_short,5,81,2451,2011-01-11,2020-10-26,0.47949425467889384,0.48296750564894103,-0.0034732509700471925,0.4786855897574424,0.019544165538001205,0.5563357714530364,0.2669732550420806,0.5005425839131009,0.49838020607251377,0.39289940828402364,0.6038610038610038
futures_core+macro_cross_asset+rates_credit,futures_core|macro_cross_asset|rates_credit,3,55,3356,2007-06-08,2020-10-26,0.4832339399583899,0.4869818463133069,-0.0037479063549169522,0.48348240108048207,0.023676767861425443,0.5544509049633091,0.26528033111372007,0.5061851721107697,0.5060250980014275,0.42497972424979724,0.5870704717530577
breadth+calendar+equity_rotation,breadth|calendar|equity_rotation,3,55,3368,2007-06-08,2020-10-26,0.47000560086487775,0.4744509384704987,-0.004445337605620936,0.47132081472998166,0.025575252709623696,0.5536279739682762,0.272115967997088,0.4912358559554313,0.48915964872326756,0.38402718776550554,0.5942921096810296
equity_rotation+macro_cross_asset+technical_dynamics+volatility_options_core,equity_rotation|macro_cross_asset|technical_dynamics|volatility_options_core,4,74,3289,2007-06-08,2020-10-26,0.48470154538587434,0.4895712026312477,-0.00486965724537336,0.4913607653765366,0.0188526248547383,0.5669885558683428,0.2676884132726536,0.4941949672667758,0.494091237689667,0.41029900332225916,0.5778834720570749
breadth+calendar+macro_cross_asset+rates_credit,breadth|calendar|macro_cross_asset|rates_credit,4,69,3356,2007-06-08,2020-10-26,0.4801995628694391,0.4869818463133069,-0.006782283443867776,0.48298969572686956,0.012419192880974107,0.5543426917360008,0.2675164090556772,0.5029404916592184,0.5004622383319146,0.39344262295081966,0.6074818537130094
equity_rotation+rates_credit+volatility_options_core,equity_rotation|rates_credit|volatility_options_core,3,61,3301,2007-06-08,2020-10-26,0.48597784755233575,0.49279353552363075,-0.006815687971295004,0.4845345680238462,0.0051719333834724995,0.5660735685369668,0.26192796463407864,0.5051960606609873,0.49742467807832214,0.35843660629170637,0.6364127498649379
breadth+futures_core+technical_dynamics+volatility_options_core+volatility_options_short,breadth|futures_core|technical_dynamics|volatility_options_core|volatility_options_short,5,87,2393,2011-01-11,2020-10-26,0.47898669026890933,0.48591860945106197,-0.006931919182152635,0.48319965697629436,0.04395433048184146,0.5597320419677481,0.27140437275440027,0.5032093595784322,0.502942971318333,0.413472706155633,0.5924132364810331
equity_rotation+futures_core+rates_credit+trend_direction,equity_rotation|futures_core|rates_credit|trend_direction,4,75,3151,2008-04-10,2020-10-26,0.4753196149876787,0.48245329514100976,-0.007133680153331046,0.4713991658658488,0.03147718516068368,0.5465548769913849,0.26494565967639994,0.4934571073527244,0.4839784180144284,0.346718903036239,0.6212379329926179
calendar+futures_core+technical_dynamics+volatility_options_core,calendar|futures_core|technical_dynamics|volatility_options_core,4,75,3295,2007-06-08,2020-10-26,0.4827510540587139,0.4904351028980737,-0.007684048839359803,0.48714829088281264,0.014044888911417273,0.57571320727638,0.26341980037963003,0.48453002304039117,0.4824237746936463,0.4383975812547241,0.5264499681325685
futures_core+macro_cross_asset+technical_dynamics+volatility_options_core,futures_core|macro_cross_asset|technical_dynamics|volatility_options_core,4,74,3289,2007-06-08,2020-10-26,0.48156002140249277,0.4895712026312477,-0.008011181228754938,0.4889960084346092,0.03173435704051011,0.5646062480408096,0.26732116622560664,0.4969824058919804,0.49681040968317774,0.41102756892230574,0.5825932504440497
rates_credit+trend_direction,rates_credit|trend_direction,2,55,3157,2008-04-10,2020-10-26,0.4760235951619863,0.48444654849534763,-0.00842295333336135,0.48169256896246787,0.011075884538393109,0.5507585983462855,0.2643312021288512,0.4849723284721379,0.48328624670833314,0.385499557913351,0.5810729355033153
breadth+calendar+interaction_consensus,breadth|calendar|interaction_consensus,3,57,3364,2007-06-08,2020-10-26,0.4826489839125703,0.4915145890176082,-0.008865605105037921,0.4815333488808107,0.010335894954434686,0.5543338729561855,0.2692189285648553,0.5071640500365284,0.5028316635515465,0.3836589698046181,0.6220043572984749
equity_rotation+futures_core+technical_dynamics+trend_direction,equity_rotation|futures_core|technical_dynamics|trend_direction,4,80,3151,2008-04-10,2020-10-26,0.47302491627877585,0.48245329514100976,-0.00942837886223391,0.4700194676636616,0.04332237028830617,0.5515628682362339,0.2630637002108457,0.4992891594178479,0.49924939825176295,0.426890756302521,0.571608040201005
futures_core+interaction_consensus+technical_dynamics+volatility_options_core,futures_core|interaction_consensus|technical_dynamics|volatility_options_core,4,78,3295,2007-06-08,2020-10-26,0.4798749235905393,0.4904351028980737,-0.01056017930753439,0.48480690870736315,0.0159162411663073,0.5637588801622209,0.26669943270318763,0.49140099684957916,0.4902923676874835,0.43706563706563706,0.54351909830933
breadth+equity_rotation+interaction_consensus+technical_dynamics,breadth|equity_rotation|interaction_consensus|technical_dynamics,4,79,3364,2007-06-08,2020-10-26,0.4790725499843449,0.4915145890176082,-0.012442039033263297,0.4781938246661923,0.00905032611641093,0.5706104401237821,0.26206665616478325,0.49768622057222944,0.48393446810063306,0.49403973509933774,0.4738292011019284
volatility_options_core,volatility_options_core,1,35,3301,2007-06-08,2020-10-26,0.47728136493068346,0.49279353552363075,-0.015512170592947294,0.4812584466156257,0.03529370520548129,0.5665563671944766,0.26213414708351623,0.49305470286368036,0.4930158563661474,0.42028985507246375,0.5657418576598311
equity_rotation+futures_core+macro_cross_asset,equity_rotation|futures_core|macro_cross_asset,3,49,3356,2007-06-08,2020-10-26,0.4714212751894608,0.4869818463133069,-0.015560571123846068,0.46907229960610747,0.0223741656840747,0.555937953731299,0.2646092446325666,0.48771509151951686,0.4852039089601489,0.37735849056603776,0.5930493273542601
futures_core+futures_smallcap+interaction_consensus,futures_core|futures_smallcap|interaction_consensus,3,51,824,2017-07-18,2020-10-26,0.5158119658119659,0.531898656898657,-0.01608669108669114,0.5244656694142996,0.0450526738676197,0.5981006269378482,0.265835079249236,0.5291208791208791,0.5142201260486665,0.3562753036437247,0.6721649484536083
futures_core+futures_smallcap+technical_dynamics+volatility_options_core,futures_core|futures_smallcap|technical_dynamics|volatility_options_core,4,74,786,2017-07-18,2020-10-26,0.5153638636662718,0.5336557441768653,-0.018291880510593495,0.5097530745550942,0.03363688641430229,0.6038655288813952,0.2758915913037856,0.5462067377286486,0.5377093962158036,0.5219941348973607,0.5534246575342465
equity_rotation+futures_core+futures_smallcap+trend_direction,equity_rotation|futures_core|futures_smallcap|trend_direction,4,67,824,2017-07-18,2020-10-26,0.5134615384615384,0.531898656898657,-0.018437118437118594,0.5168125375928702,0.07500111505046486,0.6003847588522979,0.26339626789049314,0.5177655677655677,0.5104867934396832,0.49577464788732395,0.5251989389920424
futures_core+rates_credit+trend_direction,futures_core|rates_credit|trend_direction,3,65,3151,2008-04-10,2020-10-26,0.46374607721308364,0.48245329514100976,-0.018707217927926123,0.465252617118775,0.008477731192819525,0.5347229444774688,0.26388776267600506,0.4970197350407549,0.4876354855222452,0.3509803921568627,0.6242905788876277
breadth+futures_core+futures_smallcap+rates_credit,breadth|futures_core|futures_smallcap|rates_credit,4,70,824,2017-07-18,2020-10-26,0.5096764346764346,0.531898656898657,-0.022222222222222365,0.5132632058634994,0.04826829441461184,0.5726457033032932,0.2666527466786982,0.5265567765567766,0.525873637668231,0.43389830508474575,0.6178489702517163
equity_rotation+futures_smallcap+interaction_consensus,equity_rotation|futures_smallcap|interaction_consensus,3,51,824,2017-07-18,2020-10-26,0.5092796092796092,0.531898656898657,-0.02261904761904776,0.5133024930603209,0.026740940066029898,0.5816822802205113,0.26493466197967164,0.5304945054945055,0.529420015428852,0.4329896907216495,0.6258503401360545
breadth+calendar+futures_smallcap+rates_credit+volatility_options_short,breadth|calendar|futures_smallcap|rates_credit|volatility_options_short,5,75,824,2017-07-18,2020-10-26,0.5056776556776557,0.531898656898657,-0.02622100122100135,0.4957664603824095,0.05647873777438856,0.588710226249125,0.2781246011053582,0.5245421245421246,0.5237835875090777,0.4691358024691358,0.5784313725490197
equity_rotation+futures_smallcap+technical_dynamics+volatility_options_core,equity_rotation|futures_smallcap|technical_dynamics|volatility_options_core,4,74,786,2017-07-18,2020-10-26,0.5071061981839716,0.5336557441768653,-0.02654954599289372,0.5051418045837391,0.0072446027728282686,0.5940068304301607,0.2719328635149634,0.5216969338070799,0.5098992817302677,0.5071225071225072,0.5126760563380282
futures_core+futures_smallcap+technical_dynamics,futures_core|futures_smallcap|technical_dynamics,3,60,824,2017-07-18,2020-10-26,0.505067155067155,0.531898656898657,-0.026831501831501958,0.5126649497490985,0.04302296143257698,0.604484088926392,0.26588798591320767,0.5242673992673993,0.5136466794075489,0.510989010989011,0.5163043478260869
equity_rotation+futures_core+futures_smallcap+technical_dynamics+volatility_options_short,equity_rotation|futures_core|futures_smallcap|technical_dynamics|volatility_options_short,5,76,824,2017-07-18,2020-10-26,0.5044261294261294,0.531898656898657,-0.027472527472527597,0.5032682147163555,0.057143311646874896,0.5594526336428269,0.27010597542280335,0.5306776556776557,0.514344262295082,0.3524590163934426,0.6762295081967213
breadth+calendar+futures_smallcap+rates_credit,breadth|calendar|futures_smallcap|rates_credit,4,69,824,2017-07-18,2020-10-26,0.5024420024420024,0.531898656898657,-0.029456654456654574,0.49563537951502723,0.03247745418151085,0.5759887650228791,0.27275417507843386,0.511996336996337,0.5083754740834386,0.39285714285714285,0.6238938053097345
futures_core+futures_smallcap+interaction_consensus+technical_dynamics,futures_core|futures_smallcap|interaction_consensus|technical_dynamics,4,72,824,2017-07-18,2020-10-26,0.49984737484737485,0.531898656898657,-0.03205128205128216,0.49187399222868894,0.03767784472853523,0.5718930660311056,0.2768396553977747,0.5481684981684982,0.5381651746048339,0.5318559556786704,0.5444743935309974
breadth+calendar+futures_smallcap,breadth|calendar|futures_smallcap,3,53,824,2017-07-18,2020-10-26,0.48806471306471305,0.531898656898657,-0.043833943833943956,0.4839607812822098,0.04536247448648678,0.5761032725927222,0.2772668490671992,0.5138278388278388,0.491471678813451,0.31223628691983124,0.6707070707070707
breadth+calendar+futures_smallcap+interaction_consensus+rates_credit,breadth|calendar|futures_smallcap|interaction_consensus|rates_credit,5,81,824,2017-07-18,2020-10-26,0.4847985347985348,0.531898656898657,-0.04710012210012221,0.48654559997514985,0.050915199867769254,0.5848072146278527,0.28172396015413886,0.513095238095238,0.5027173913043479,0.5,0.5054347826086957
breadth+futures_core+futures_smallcap+interaction_consensus+rates_credit,breadth|futures_core|futures_smallcap|interaction_consensus|rates_credit,5,82,824,2017-07-18,2020-10-26,0.4821123321123322,0.531898656898657,-0.04978632478632483,0.4799521105661027,0.025455066143301022,0.5925468258515327,0.2782412616892422,0.5091575091575091,0.49725274725274726,0.5,0.4945054945054945
futures_smallcap,futures_smallcap,1,29,824,2017-07-18,2020-10-26,0.4808302808302808,0.531898656898657,-0.05106837606837622,0.4850375611016511,0.05858555751466118,0.5764790917218456,0.275254013990444,0.4946886446886447,0.49397143673677457,0.4013377926421405,0.5866050808314087
futures_core+futures_smallcap+technical_dynamics+volatility_options_short,futures_core|futures_smallcap|technical_dynamics|volatility_options_short,4,66,824,2017-07-18,2020-10-26,0.47948717948717945,0.531898656898657,-0.05241147741147756,0.4706482811057175,0.08332811005321059,0.5522938678976914,0.2781099905294068,0.5201465201465202,0.5191211798456001,0.4232081911262799,0.6150341685649203
breadth+calendar+futures_smallcap+rates_credit+volatility_options_core,breadth|calendar|futures_smallcap|rates_credit|volatility_options_core,5,83,786,2017-07-18,2020-10-26,0.48006316620607975,0.5336557441768653,-0.05359257797078559,0.4834890889368699,0.03529800683347164,0.5821672805902105,0.2761211775193165,0.5081589682853007,0.48939247830279653,0.5081967213114754,0.47058823529411764
equity_rotation+futures_core+futures_smallcap+trend_direction+volatility_options_core,equity_rotation|futures_core|futures_smallcap|trend_direction|volatility_options_core,5,81,786,2017-07-18,2020-10-26,0.4797999736807475,0.5336557441768653,-0.05385577049611784,0.47743824737579726,0.03641003371033267,0.5616875984949983,0.2750473363072564,0.5061685748124753,0.5060075352958224,0.41924398625429554,0.5927710843373494
equity_rotation+futures_smallcap+interaction_consensus+technical_dynamics,equity_rotation|futures_smallcap|interaction_consensus|technical_dynamics,4,72,824,2017-07-18,2020-10-26,0.4776251526251526,0.531898656898657,-0.054273504273504414,0.47593053825930537,0.023161758081497445,0.5544074223589114,0.28524554240627564,0.4978937728937729,0.49731481481481477,0.4066666666666667,0.5879629629629629
equity_rotation+futures_smallcap+rates_credit,equity_rotation|futures_smallcap|rates_credit,3,55,824,2017-07-18,2020-10-26,0.46926129426129426,0.531898656898657,-0.06263736263736275,0.479052387870881,0.03945449548361551,0.5629446363788534,0.287667771014149,0.5242673992673993,0.5136466794075489,0.510989010989011,0.5163043478260869
breadth+futures_core+futures_smallcap+technical_dynamics+volatility_options_short,breadth|futures_core|futures_smallcap|technical_dynamics|volatility_options_short,5,81,824,2017-07-18,2020-10-26,0.4625152625152625,0.531898656898657,-0.06938339438339453,0.4622789962809532,0.06196820153485495,0.531704179067826,0.2786970126408502,0.49093406593406597,0.4908745391661282,0.4227129337539432,0.5590361445783133
futures_core+futures_smallcap+rates_credit,futures_core|futures_smallcap|rates_credit,3,55,824,2017-07-18,2020-10-26,0.45985958485958484,0.531898656898657,-0.07203907203907217,0.4768392973627807,0.02660180397259867,0.5666053857986931,0.29064616641304525,0.48305860805860806,0.4727078477078477,0.32575757575757575,0.6196581196581197
equity_rotation+futures_core+futures_smallcap,equity_rotation|futures_core|futures_smallcap,3,49,824,2017-07-18,2020-10-26,0.45534188034188033,0.531898656898657,-0.07655677655677667,0.47252744809007047,0.02284303680508582,0.5406304747190533,0.2873743520822707,0.49734432234432235,0.4971726111410506,0.43260188087774293,0.5617433414043583
