target_date,feature_date,future_log_return,direction,realized_volatility_20,outer_fold,regime_threshold,actual_up,universal_score,specialist_score,universal_decision_threshold,specialist_decision_threshold
2011-08-09,2011-08-08,0.045450506361566,UP,0.019741953045879803,1,0.015304471838370817,1,0.9926794767379761,0.9997341,0.3204227089881897,0.9945215582847595
2011-08-10,2011-08-09,-0.045183316167242776,DOWN,0.023094172331397916,1,0.015304471838370817,0,3.094803469139151e-05,0.00013100282,0.3204227089881897,0.9945215582847595
2011-08-11,2011-08-10,0.04390567430386801,UP,0.024604989037565143,1,0.015304471838370817,1,0.8920808434486389,0.9977841,0.3204227089881897,0.9945215582847595
2011-08-15,2011-08-12,0.02094405066518224,UP,0.027232650257400886,1,0.015304471838370817,1,0.15127484500408173,0.1468624,0.3204227089881897,0.9945215582847595
2011-08-18,2011-08-17,-0.044075765203905146,DOWN,0.027469667465640734,1,0.015304471838370817,0,0.8150964975357056,0.73660415,0.3204227089881897,0.9945215582847595
2011-08-19,2011-08-18,-0.01646528708952503,DOWN,0.02840208949798896,1,0.015304471838370817,0,0.005867154337465763,0.00072265696,0.3204227089881897,0.9945215582847595
2011-08-23,2011-08-22,0.03238053100952896,UP,0.02845896692372618,1,0.015304471838370817,1,0.0005727973766624928,2.393585e-07,0.3204227089881897,0.9945215582847595
2011-08-24,2011-08-23,0.013986236514564057,UP,0.02989224108970246,1,0.015304471838370817,1,1.1349290616635699e-05,9.549785e-07,0.3204227089881897,0.9945215582847595
2011-08-25,2011-08-24,-0.015361311166349485,DOWN,0.030047811027531873,1,0.015304471838370817,0,0.94733726978302,0.022749767,0.3204227089881897,0.9945215582847595
2011-08-26,2011-08-25,0.0144293000086114,UP,0.030130277811162478,1,0.015304471838370817,1,0.23875293135643005,0.36097065,0.3204227089881897,0.9945215582847595
2011-08-29,2011-08-26,0.02833097486821802,UP,0.03045996332948401,1,0.015304471838370817,1,0.15868258476257324,0.000619435,0.3204227089881897,0.9945215582847595
2011-09-02,2011-09-01,-0.02588195859748386,DOWN,0.02899256488366948,1,0.015304471838370817,0,0.004292135126888752,0.3712094,0.3204227089881897,0.9945215582847595
2011-09-07,2011-09-06,0.02781705881741318,UP,0.02520834857397303,1,0.015304471838370817,1,0.8980357646942139,0.00048706142,0.3204227089881897,0.9945215582847595
2011-09-09,2011-09-08,-0.0265592965591247,DOWN,0.02147723981404617,1,0.015304471838370817,0,0.09607289731502533,0.05855903,0.3204227089881897,0.9945215582847595
2011-09-14,2011-09-13,0.013749150659437749,UP,0.019633864722239394,1,0.015304471838370817,1,0.9947808384895325,0.32803255,0.3204227089881897,0.9945215582847595
2011-09-15,2011-09-14,0.017110031462982917,UP,0.019826627245267448,1,0.015304471838370817,1,0.9996837377548218,0.8583224,0.3204227089881897,0.9945215582847595
2011-09-21,2011-09-20,-0.02990088453258005,DOWN,0.01692814144932961,1,0.015304471838370817,0,0.6393272280693054,0.9854952,0.3204227089881897,0.9945215582847595
2011-09-22,2011-09-21,-0.03285838920438979,DOWN,0.017005176437121686,1,0.015304471838370817,0,0.44940701127052307,0.48709592,0.3204227089881897,0.9945215582847595
2011-09-26,2011-09-23,0.023501795078211662,UP,0.017991548154498674,1,0.015304471838370817,1,0.009893522597849369,3.9978972e-06,0.3204227089881897,0.9945215582847595
2011-09-28,2011-09-27,-0.020629935026862865,DOWN,0.017460760575796444,1,0.015304471838370817,0,0.2783602178096771,0.0003001776,0.3204227089881897,0.9945215582847595
2011-09-30,2011-09-29,-0.02530677345236948,DOWN,0.01802145808235174,1,0.015304471838370817,0,0.7629911303520203,0.51043606,0.3204227089881897,0.9945215582847595
2011-10-03,2011-09-30,-0.028870583198134143,DOWN,0.01865588829710553,1,0.015304471838370817,0,0.008338742889463902,0.006585297,0.3204227089881897,0.9945215582847595
2011-10-04,2011-10-03,0.021686152138976265,UP,0.018856928191014036,1,0.015304471838370817,1,0.2845607399940491,0.75485617,0.3204227089881897,0.9945215582847595
2011-10-05,2011-10-04,0.018345918331616917,UP,0.01964484423627891,1,0.015304471838370817,1,0.08439937233924866,0.00017285794,0.3204227089881897,0.9945215582847595
2011-10-06,2011-10-05,0.017929541235911752,UP,0.01899080596846698,1,0.015304471838370817,1,0.9389227628707886,0.10961077,0.3204227089881897,0.9945215582847595
2011-10-10,2011-10-07,0.032898565789152207,UP,0.018537924996196796,1,0.015304471838370817,1,0.90097576379776,0.99962556,0.3204227089881897,0.9945215582847595
2011-10-14,2011-10-13,0.016949538097382644,UP,0.019308492089876325,1,0.015304471838370817,1,0.07802115380764008,0.9869326,0.3204227089881897,0.9945215582847595
2011-10-17,2011-10-14,-0.019275689955516838,DOWN,0.019694333165074067,1,0.015304471838370817,0,0.017568355426192284,0.01697385,0.3204227089881897,0.9945215582847595
2011-10-18,2011-10-17,0.0193572900874667,UP,0.020058542386597492,1,0.015304471838370817,1,0.25160712003707886,0.99210995,0.3204227089881897,0.9945215582847595
2011-10-21,2011-10-20,0.01880931170308042,UP,0.01765605089226652,1,0.015304471838370817,1,0.014087582007050514,0.3955063,0.3204227089881897,0.9945215582847595
2011-10-25,2011-10-24,-0.019635255461081465,DOWN,0.017510286318821334,1,0.015304471838370817,0,4.018372419523075e-05,1.2921166e-05,0.3204227089881897,0.9945215582847595
2011-10-27,2011-10-26,0.034242080982544706,UP,0.01741771123073438,1,0.015304471838370817,1,0.3031502962112427,0.4107381,0.3204227089881897,0.9945215582847595
2011-10-31,2011-10-28,-0.024401100692920532,DOWN,0.01733297681568284,1,0.015304471838370817,0,0.047237884253263474,0.0003993766,0.3204227089881897,0.9945215582847595
2011-11-01,2011-10-31,-0.02828471383858199,DOWN,0.016877122378033727,1,0.015304471838370817,0,0.17336559295654297,0.45001152,0.3204227089881897,0.9945215582847595
2011-11-02,2011-11-01,0.016179855229439512,UP,0.01817852010590072,1,0.015304471838370817,1,0.7621273994445801,0.12346716,0.3204227089881897,0.9945215582847595
2011-11-03,2011-11-02,0.018063168192773142,UP,0.018095596682472126,1,0.015304471838370817,1,0.9228472113609314,0.07128004,0.3204227089881897,0.9945215582847595
2011-11-09,2011-11-08,-0.037607949922965934,DOWN,0.016921487798281412,1,0.015304471838370817,0,0.5463842749595642,0.02429174,0.3204227089881897,0.9945215582847595
2011-11-11,2011-11-10,0.018647475836618268,UP,0.01923872925775058,1,0.015304471838370817,1,0.7439495325088501,0.00016673177,0.3204227089881897,0.9945215582847595
2011-11-16,2011-11-15,-0.015990107007195373,DOWN,0.018453873072425908,1,0.015304471838370817,0,0.9989199638366699,0.17021479,0.3204227089881897,0.9945215582847595
2011-11-17,2011-11-16,-0.016004250782027264,DOWN,0.01863093974659392,1,0.015304471838370817,0,0.8060488700866699,0.26986495,0.3204227089881897,0.9945215582847595
2011-11-21,2011-11-18,-0.019202705822494955,DOWN,0.018489543176388328,1,0.015304471838370817,0,0.621921718120575,0.107374206,0.3204227089881897,0.9945215582847595
2011-11-23,2011-11-22,-0.022312738036471796,DOWN,0.018220698540584595,1,0.015304471838370817,0,0.7593991756439209,0.049592745,0.3204227089881897,0.9945215582847595
2011-11-28,2011-11-25,0.028555236610433046,UP,0.016353310861919462,1,0.015304471838370817,1,0.9871416091918945,0.008820367,0.3204227089881897,0.9945215582847595
2011-11-30,2011-11-29,0.04032536892293411,UP,0.017343050549181865,1,0.015304471838370817,1,0.93108731508255,0.28711334,0.3204227089881897,0.9945215582847595
2011-12-08,2011-12-07,-0.022180631722513985,DOWN,0.01768298437783295,1,0.015304471838370817,0,0.05080603435635567,0.115306936,0.3204227089881897,0.9945215582847595
2011-12-09,2011-12-08,0.016800443984299855,UP,0.016255734831602222,1,0.015304471838370817,1,0.8044688701629639,0.4192699,0.3204227089881897,0.9945215582847595
2011-12-20,2011-12-19,0.02981139092228546,UP,0.01589875621238791,1,0.015304471838370817,1,0.47191742062568665,0.606544,0.3204227089881897,0.9945215582847595
2015-08-25,2015-08-24,-0.011837575935620176,DOWN,0.013576870817888692,2,0.012778635259787894,0,0.647738516330719,0.61581045,0.5388480722904205,0.5060148537158966
2015-08-26,2015-08-25,0.03767507232034739,UP,0.013087800076373187,2,0.012778635259787894,1,0.5623248219490051,0.46005976,0.5388480722904205,0.5060148537158966
2015-08-27,2015-08-26,0.024434189577847116,UP,0.016096171291548955,2,0.012778635259787894,1,0.4261592924594879,0.4251814,0.5388480722904205,0.5060148537158966
2015-08-31,2015-08-28,-0.00811190049770867,DOWN,0.01730780909128341,2,0.012778635259787894,0,0.571692943572998,0.59663606,0.5388480722904205,0.5060148537158966
2015-09-01,2015-08-31,-0.03030220476613541,DOWN,0.01734933040251209,2,0.012778635259787894,0,0.520855724811554,0.49297538,0.5388480722904205,0.5060148537158966
2015-09-02,2015-09-01,0.01880317454798349,UP,0.018388392504360702,2,0.012778635259787894,1,0.5749183893203735,0.5721313,0.5388480722904205,0.5060148537158966
2015-09-04,2015-09-03,-0.015252558886480107,DOWN,0.01903611545957076,2,0.012778635259787894,0,0.6622265577316284,0.6209052,0.5388480722904205,0.5060148537158966
2015-09-08,2015-09-04,0.024820496117270316,UP,0.01922257486902044,2,0.012778635259787894,1,0.6126753687858582,0.46976796,0.5388480722904205,0.5060148537158966
2015-09-09,2015-09-08,-0.013462033317038494,DOWN,0.019956204826681517,2,0.012778635259787894,0,0.6819378137588501,0.39459035,0.5388480722904205,0.5060148537158966
2015-09-15,2015-09-14,0.012421952003654629,UP,0.02013385616706142,2,0.012778635259787894,1,0.7123828530311584,0.4181578,0.5388480722904205,0.5060148537158966
2015-09-16,2015-09-15,0.008629322886787182,UP,0.020349996768400425,2,0.012778635259787894,1,0.6754047274589539,0.6081889,0.5388480722904205,0.5060148537158966
2015-09-18,2015-09-17,-0.021661856460941403,DOWN,0.020473042150207798,2,0.012778635259787894,0,0.492911696434021,0.42424121,0.5388480722904205,0.5060148537158966
2015-09-22,2015-09-21,-0.013064729640802282,DOWN,0.01942094158068691,2,0.012778635259787894,0,0.5527358055114746,0.6505432,0.5388480722904205,0.5060148537158966
2015-09-28,2015-09-25,-0.025417592615977622,DOWN,0.01316755650057169,2,0.012778635259787894,0,0.4494752585887909,0.47376022,0.5388480722904205,0.5060148537158966
2015-09-30,2015-09-29,0.01848642383981401,UP,0.014153133081647413,2,0.012778635259787894,1,0.6628783941268921,0.59620875,0.5388480722904205,0.5060148537158966
2015-10-05,2015-10-02,0.017638402790987828,UP,0.013026719707215138,2,0.012778635259787894,1,0.4870385527610779,0.639508,0.5388480722904205,0.5060148537158966
2016-01-14,2016-01-13,0.016283534966571953,UP,0.013016911753926438,2,0.012778635259787894,1,0.6364750266075134,0.5103107,0.5388480722904205,0.5060148537158966
2016-01-15,2016-01-14,-0.02169988356339567,DOWN,0.013408015555323578,2,0.012778635259787894,0,0.5286595225334167,0.5242786,0.5388480722904205,0.5060148537158966
2016-01-20,2016-01-19,-0.012897900120246417,DOWN,0.013165897665142126,2,0.012778635259787894,0,0.5237037539482117,0.641476,0.5388480722904205,0.5060148537158966
2016-01-25,2016-01-22,-0.015231968150443788,DOWN,0.013241810470976943,2,0.012778635259787894,0,0.38614171743392944,0.45497346,0.5388480722904205,0.5060148537158966
2016-01-26,2016-01-25,0.013550903858818436,UP,0.012962864130462241,2,0.012778635259787894,1,0.580568790435791,0.6259126,0.5388480722904205,0.5060148537158966
2016-01-27,2016-01-26,-0.010942894888797574,DOWN,0.013580344864720519,2,0.012778635259787894,0,0.5910163521766663,0.75034934,0.5388480722904205,0.5060148537158966
2016-01-29,2016-01-28,0.024084964269730853,UP,0.013402425886602665,2,0.012778635259787894,1,0.4194583296775818,0.61401266,0.5388480722904205,0.5060148537158966
2016-02-02,2016-02-01,-0.01818653213249616,DOWN,0.014752909933543298,2,0.012778635259787894,0,0.6035479307174683,0.6156378,0.5388480722904205,0.5060148537158966
2016-02-05,2016-02-04,-0.019233943619154967,DOWN,0.014878264528306973,2,0.012778635259787894,0,0.3418629765510559,0.69104934,0.5388480722904205,0.5060148537158966
2016-02-08,2016-02-05,-0.013552441469451462,DOWN,0.01451592004444213,2,0.012778635259787894,0,0.5209360122680664,0.6382362,0.5388480722904205,0.5060148537158966
2016-02-11,2016-02-10,-0.013093407548559899,DOWN,0.01442493327981708,2,0.012778635259787894,0,0.6224306225776672,0.6199152,0.5388480722904205,0.5060148537158966
2016-02-12,2016-02-11,0.02040723728401265,UP,0.013637207857314015,2,0.012778635259787894,1,0.4503082036972046,0.49142373,0.5388480722904205,0.5060148537158966
2016-02-16,2016-02-12,0.016737426755310383,UP,0.013949523357995588,2,0.012778635259787894,1,0.5421786904335022,0.4699671,0.5388480722904205,0.5060148537158966
2016-02-17,2016-02-16,0.016202759074790542,UP,0.013650167738711059,2,0.012778635259787894,1,0.5383663773536682,0.74947983,0.5388480722904205,0.5060148537158966
2016-02-22,2016-02-19,0.014375338238185034,UP,0.013739285576544162,2,0.012778635259787894,1,0.5096482634544373,0.44468477,0.5388480722904205,0.5060148537158966
2016-02-23,2016-02-22,-0.012710020835624369,DOWN,0.013368693438070267,2,0.012778635259787894,0,0.6262638568878174,0.39511174,0.5388480722904205,0.5060148537158966
2016-02-25,2016-02-24,0.01203902175994836,UP,0.012926244021692365,2,0.012778635259787894,1,0.5871380567550659,0.40227547,0.5388480722904205,0.5060148537158966
2016-07-12,2016-07-11,0.007237118478405407,UP,0.012849081452066768,2,0.012778635259787894,1,0.5392723679542542,0.3911582,0.5388480722904205,0.5060148537158966
2018-02-06,2018-02-05,0.019510663660577923,UP,0.012211448798916304,3,0.01134164335867613,1,0.7650765180587769,0.79972154,0.5677635669708252,0.5891861617565155
2018-02-07,2018-02-06,-0.005439623715762403,DOWN,0.013093651496723835,3,0.01134164335867613,0,0.298225998878479,0.76492536,0.5677635669708252,0.5891861617565155
2018-02-08,2018-02-07,-0.03823046263704881,DOWN,0.013109576163397299,3,0.01134164335867613,0,0.4625229835510254,0.80315185,0.5677635669708252,0.5891861617565155
2018-02-09,2018-02-08,0.014909817475535768,UP,0.015499128432346597,3,0.01134164335867613,1,0.6680157780647278,0.9266532,0.5677635669708252,0.5891861617565155
2018-02-12,2018-02-09,0.01457772518222007,UP,0.01585821202654007,3,0.01134164335867613,1,0.7895590662956238,0.8581805,0.5677635669708252,0.5891861617565155
2018-02-14,2018-02-13,0.013405963996401723,UP,0.016237100190095746,3,0.01134164335867613,1,0.8248693943023682,0.86249727,0.5677635669708252,0.5891861617565155
2018-02-15,2018-02-14,0.012679402008324459,UP,0.01640606806084094,3,0.01134164335867613,1,0.19731393456459045,0.34295252,0.5677635669708252,0.5891861617565155
2018-02-20,2018-02-16,-0.006280865885799406,DOWN,0.01667528580274373,3,0.01134164335867613,0,0.8247671723365784,0.33060822,0.5677635669708252,0.5891861617565155
2018-02-23,2018-02-22,0.015813643085869314,UP,0.016554798414149755,3,0.01134164335867613,1,0.7518138289451599,0.63700217,0.5677635669708252,0.5891861617565155
2018-02-26,2018-02-23,0.011545350102960344,UP,0.017039098191008444,3,0.01134164335867613,1,0.8792401552200317,0.73804265,0.5677635669708252,0.5891861617565155
2018-02-27,2018-02-26,-0.01256512215254109,DOWN,0.017040471721598834,3,0.01134164335867613,0,0.30884382128715515,0.34713554,0.5677635669708252,0.5891861617565155
2018-02-28,2018-02-27,-0.01018174210369951,DOWN,0.01718456239247733,3,0.01134164335867613,0,0.8179348111152649,0.5806917,0.5677635669708252,0.5891861617565155
2018-03-01,2018-02-28,-0.014647454403250413,DOWN,0.017181255300628914,3,0.01134164335867613,0,0.9876493811607361,0.94436306,0.5677635669708252,0.5891861617565155
2018-03-05,2018-03-02,0.011491677564123457,UP,0.017489594721486288,3,0.01134164335867613,1,0.8285703063011169,0.50787735,0.5677635669708252,0.5891861617565155
2018-03-09,2018-03-08,0.017252680326730694,UP,0.013236219772766221,3,0.01134164335867613,1,0.9291906952857971,0.7080016,0.5677635669708252,0.5891861617565155
2018-03-27,2018-03-26,-0.017158090832078213,DOWN,0.012474367261752065,3,0.01134164335867613,0,0.9610181450843811,0.76205,0.5677635669708252,0.5891861617565155
2018-03-29,2018-03-28,0.01269666927359303,UP,0.012587039223893875,3,0.01134164335867613,1,0.39275383949279785,0.052355334,0.5677635669708252,0.5891861617565155
2018-04-02,2018-03-29,-0.021820975402381346,DOWN,0.012651514621377457,3,0.01134164335867613,0,0.510755181312561,0.640747,0.5677635669708252,0.5891861617565155
2018-04-03,2018-04-02,0.012735537427426051,UP,0.013393444608467945,3,0.01134164335867613,1,0.8121393322944641,0.9086154,0.5677635669708252,0.5891861617565155
2018-04-04,2018-04-03,0.010642286151652277,UP,0.013463101258579304,3,0.01134164335867613,1,0.9448871612548828,0.5475435,0.5677635669708252,0.5891861617565155
2018-04-05,2018-04-04,0.007861027034026642,UP,0.013730812352230674,3,0.01134164335867613,1,0.6020656824111938,0.7184615,0.5677635669708252,0.5891861617565155
2018-04-06,2018-04-05,-0.022537931476096573,DOWN,0.013896302874560455,3,0.01134164335867613,0,0.8055687546730042,0.6473591,0.5677635669708252,0.5891861617565155
2018-04-10,2018-04-09,0.015775273241340624,UP,0.013947442679443641,3,0.01134164335867613,1,0.7064236998558044,0.09286958,0.5677635669708252,0.5891861617565155
2018-04-12,2018-04-11,0.008193452924804723,UP,0.014569637216605142,3,0.01134164335867613,1,0.9058529734611511,0.69508487,0.5677635669708252,0.5891861617565155
2018-04-16,2018-04-13,0.008188119499643706,UP,0.014743120118208872,3,0.01134164335867613,1,0.6339769959449768,0.5400902,0.5677635669708252,0.5891861617565155
2018-04-17,2018-04-16,0.010641624190932739,UP,0.014908000449309827,3,0.01134164335867613,1,0.9485967755317688,0.83801806,0.5677635669708252,0.5891861617565155
2018-04-20,2018-04-19,-0.008515567039637552,DOWN,0.014878215223116937,3,0.01134164335867613,0,0.4554990828037262,0.33534744,0.5677635669708252,0.5891861617565155
2018-04-24,2018-04-23,-0.013558875321530377,DOWN,0.012819065872965909,3,0.01134164335867613,0,0.8295853137969971,0.8902185,0.5677635669708252,0.5891861617565155
2018-10-25,2018-10-24,0.017781489427391158,UP,0.012875458609098934,3,0.01134164335867613,1,0.7933300137519836,0.6455406,0.5677635669708252,0.5891861617565155
2018-10-26,2018-10-25,-0.017743878014358665,DOWN,0.013725977934294292,3,0.01134164335867613,0,0.35034894943237305,0.78156054,0.5677635669708252,0.5891861617565155
2018-10-30,2018-10-29,0.01470975811483792,UP,0.01391631040521069,3,0.01134164335867613,1,0.550057053565979,0.6769432,0.5677635669708252,0.5891861617565155
2018-10-31,2018-10-30,0.010624230324527811,UP,0.014577394728760113,3,0.01134164335867613,1,0.562174379825592,0.36888677,0.5677635669708252,0.5891861617565155
2018-11-01,2018-10-31,0.010585627590690578,UP,0.014922195750763262,3,0.01134164335867613,1,0.945598304271698,0.9506501,0.5677635669708252,0.5891861617565155
2018-11-02,2018-11-01,-0.005940593358602918,DOWN,0.01522219009275127,3,0.01134164335867613,0,0.17544735968112946,0.5040264,0.5677635669708252,0.5891861617565155
2018-11-06,2018-11-05,0.0063079476191934235,UP,0.015329014092437556,3,0.01134164335867613,1,0.6671591401100159,0.14342572,0.5677635669708252,0.5891861617565155
2018-11-07,2018-11-06,0.021182942264952046,UP,0.015456546906283107,3,0.01134164335867613,1,0.9708064198493958,0.74724364,0.5677635669708252,0.5891861617565155
2018-11-09,2018-11-08,-0.009816258332266129,DOWN,0.013591377640598605,3,0.01134164335867613,0,0.42054036259651184,0.31778312,0.5677635669708252,0.5891861617565155
2018-11-12,2018-11-09,-0.018861977910483718,DOWN,0.013493091777223274,3,0.01134164335867613,0,0.2831641137599945,0.34435067,0.5677635669708252,0.5891861617565155
2018-11-14,2018-11-13,-0.006860150527645864,DOWN,0.013129803872662184,3,0.01134164335867613,0,0.6504408717155457,0.5302171,0.5677635669708252,0.5891861617565155
2018-11-15,2018-11-14,0.01038254163095934,UP,0.013176421530015086,3,0.01134164335867613,1,0.6144461035728455,0.4060055,0.5677635669708252,0.5891861617565155
2018-11-19,2018-11-16,-0.017059178822574482,DOWN,0.013111885289074613,3,0.01134164335867613,0,0.8515106439590454,0.7675398,0.5677635669708252,0.5891861617565155
2018-11-20,2018-11-19,-0.01867955357480556,DOWN,0.013607055790152948,3,0.01134164335867613,0,0.7821556329727173,0.77342796,0.5677635669708252,0.5891861617565155
2018-11-23,2018-11-21,-0.006701102367690993,DOWN,0.012416586066505305,3,0.01134164335867613,0,0.3285415768623352,0.14372016,0.5677635669708252,0.5891861617565155
2018-11-26,2018-11-23,0.016015415321976274,UP,0.011754605181232627,3,0.01134164335867613,1,0.6969141364097595,0.408779,0.5677635669708252,0.5891861617565155
2018-11-28,2018-11-27,0.022764226209489338,UP,0.011620219628804457,3,0.01134164335867613,1,0.19876821339130402,0.62606776,0.5677635669708252,0.5891861617565155
2018-12-03,2018-11-30,0.01315450635189911,UP,0.011911274285100772,3,0.01134164335867613,1,0.8782878518104553,0.4955384,0.5677635669708252,0.5891861617565155
2018-12-04,2018-12-03,-0.032938972726007744,DOWN,0.012140250018281184,3,0.01134164335867613,0,0.7450622916221619,0.2592694,0.5677635669708252,0.5891861617565155
2018-12-07,2018-12-06,-0.023510162043045117,DOWN,0.014206973498044043,3,0.01134164335867613,0,0.23694993555545807,0.4359552,0.5677635669708252,0.5891861617565155
2018-12-14,2018-12-13,-0.018637364083155077,DOWN,0.01356613664113705,3,0.01134164335867613,0,0.12456323206424713,0.21105853,0.5677635669708252,0.5891861617565155
2018-12-17,2018-12-14,-0.019813379448779447,DOWN,0.014068990446248906,3,0.01134164335867613,0,0.15399132668972015,0.64164686,0.5677635669708252,0.5891861617565155
2018-12-19,2018-12-18,-0.015088990911623237,DOWN,0.01425021675521141,3,0.01134164335867613,0,0.7571420073509216,0.8083874,0.5677635669708252,0.5891861617565155
2018-12-20,2018-12-19,-0.016411886126272028,DOWN,0.014158269842029128,3,0.01134164335867613,0,0.5928135514259338,0.6369909,0.5677635669708252,0.5891861617565155
2018-12-21,2018-12-20,-0.02652501947718206,DOWN,0.014038289165804657,3,0.01134164335867613,0,0.8079900145530701,0.8874927,0.5677635669708252,0.5891861617565155
2018-12-24,2018-12-21,-0.026778295497672407,DOWN,0.014855667794844077,3,0.01134164335867613,0,0.7286815643310547,0.7792368,0.5677635669708252,0.5891861617565155
2018-12-26,2018-12-24,0.049289909317996004,UP,0.015647251722562712,3,0.01134164335867613,1,0.9710044264793396,0.97710526,0.5677635669708252,0.5891861617565155
2019-01-03,2019-01-02,-0.024152091139486728,DOWN,0.018634504215001246,3,0.01134164335867613,0,0.7611497044563293,0.66418403,0.5677635669708252,0.5891861617565155
2019-01-04,2019-01-03,0.03294696944123263,UP,0.01860482573196407,3,0.01134164335867613,1,0.08621163666248322,0.47012913,0.5677635669708252,0.5891861617565155
2019-01-15,2019-01-14,0.011395631602565357,UP,0.019288384999580372,3,0.01134164335867613,1,0.6372553706169128,0.55893046,0.5677635669708252,0.5891861617565155
2019-01-18,2019-01-17,0.013222209602931542,UP,0.01852552458604737,3,0.01134164335867613,1,0.9156384468078613,0.65323865,0.5677635669708252,0.5891861617565155
2019-01-22,2019-01-18,-0.013602591137040479,DOWN,0.018269392365375236,3,0.01134164335867613,0,0.08763420581817627,0.012745722,0.5677635669708252,0.5891861617565155
2019-01-30,2019-01-29,0.01570676929998593,UP,0.011395504790688134,3,0.01134164335867613,1,0.46063482761383057,0.20668356,0.5677635669708252,0.5891861617565155
2019-08-16,2019-08-15,0.014647209402758953,UP,0.012916623044683759,3,0.01134164335867613,1,0.36841779947280884,0.31200024,0.5677635669708252,0.5891861617565155
2019-08-19,2019-08-16,0.011975711839357873,UP,0.013438563039774299,3,0.01134164335867613,1,0.2593834102153778,0.11342277,0.5677635669708252,0.5891861617565155
2019-08-20,2019-08-19,-0.0076920481599652675,DOWN,0.01374812815175116,3,0.01134164335867613,0,0.7531846761703491,0.46493942,0.5677635669708252,0.5891861617565155
2019-08-21,2019-08-20,0.008102546592543804,UP,0.013689554760000024,3,0.01134164335867613,1,0.9566077589988708,0.9025611,0.5677635669708252,0.5891861617565155
2019-08-23,2019-08-22,-0.026023122154553956,DOWN,0.01377448025197403,3,0.01134164335867613,0,0.8218158483505249,0.8735175,0.5677635669708252,0.5891861617565155
2019-08-26,2019-08-23,0.01099773278241975,UP,0.014689375084661714,3,0.01134164335867613,1,0.7897181510925293,0.8177084,0.5677635669708252,0.5891861617565155
2019-08-28,2019-08-27,0.007016909077711493,UP,0.015020614960158149,3,0.01134164335867613,1,0.6795729994773865,0.7951233,0.5677635669708252,0.5891861617565155
2019-08-29,2019-08-28,0.01269204412996975,UP,0.015015258732924527,3,0.01134164335867613,1,0.8700544238090515,0.84930485,0.5677635669708252,0.5891861617565155
2019-09-04,2019-09-03,0.011286478156974084,UP,0.013429786042582869,3,0.01134164335867613,1,0.527782142162323,0.88213843,0.5677635669708252,0.5891861617565155
2019-09-05,2019-09-04,0.012773460188535899,UP,0.013310656799082636,3,0.01134164335867613,1,0.44534578919410706,0.09606136,0.5677635669708252,0.5891861617565155
2019-09-11,2019-09-10,0.007085811591525636,UP,0.01239662206021611,3,0.01134164335867613,1,0.3351530134677887,0.439736,0.5677635669708252,0.5891861617565155
2020-02-25,2020-02-24,-0.030770750603140915,DOWN,0.011578912621480515,3,0.01134164335867613,0,0.3202991485595703,0.49477643,0.5677635669708252,0.5891861617565155
2020-02-27,2020-02-26,-0.04595146753683802,DOWN,0.012650598362593047,3,0.01134164335867613,0,0.7111871242523193,0.8786955,0.5677635669708252,0.5891861617565155
2020-03-02,2020-02-28,0.04239500466012263,UP,0.015839734098314514,3,0.01134164335867613,1,0.6855061054229736,0.64803016,0.5677635669708252,0.5891861617565155
2020-03-03,2020-03-02,-0.02905036247634815,DOWN,0.018717141171754773,3,0.01134164335867613,0,0.8067055344581604,0.9143252,0.5677635669708252,0.5891861617565155
2020-03-04,2020-03-03,0.04117363701185871,UP,0.0195110089972611,3,0.01134164335867613,1,0.8644607663154602,0.9218488,0.5677635669708252,0.5891861617565155
2020-03-05,2020-03-04,-0.03380675024137826,DOWN,0.02160018888483741,3,0.01134164335867613,0,0.4318667948246002,0.31245783,0.5677635669708252,0.5891861617565155
2020-03-06,2020-03-05,-0.016669275633020057,DOWN,0.022413188658549233,3,0.01134164335867613,0,0.141429141163826,0.30773786,0.5677635669708252,0.5891861617565155
2020-03-09,2020-03-06,-0.08131252304186744,DOWN,0.022477326970086704,3,0.01134164335867613,0,0.11354061961174011,0.31899142,0.5677635669708252,0.5891861617565155
2020-03-10,2020-03-09,0.050450587293811376,UP,0.02811092182697014,3,0.01134164335867613,1,0.8454809188842773,0.6750828,0.5677635669708252,0.5891861617565155
2020-03-11,2020-03-10,-0.04997673845028892,DOWN,0.030980938870725522,3,0.01134164335867613,0,0.5474095344543457,0.458458,0.5677635669708252,0.5891861617565155
2020-03-12,2020-03-11,-0.10056886056624313,DOWN,0.032304753204679765,3,0.01134164335867613,0,0.3063966929912567,0.7767593,0.5677635669708252,0.5891861617565155
2020-03-13,2020-03-12,0.08202809219873311,UP,0.03782511391858997,3,0.01134164335867613,1,0.2334107607603073,0.28405836,0.5677635669708252,0.5891861617565155
2020-03-16,2020-03-13,-0.11588653747701536,DOWN,0.043601724404751026,3,0.01134164335867613,0,0.4954585134983063,0.56122345,0.5677635669708252,0.5891861617565155
2020-03-17,2020-03-16,0.05258492094923695,UP,0.049322838472635154,3,0.01134164335867613,1,0.9799997806549072,0.9035324,0.5677635669708252,0.5891861617565155
2020-03-18,2020-03-17,-0.05195975100253782,DOWN,0.05166403319465353,3,0.01134164335867613,0,0.33618196845054626,0.52686584,0.5677635669708252,0.5891861617565155
2020-03-20,2020-03-19,-0.04991337303957533,DOWN,0.05221613402306325,3,0.01134164335867613,0,0.7936450839042664,0.80526215,0.5677635669708252,0.5891861617565155
2020-03-23,2020-03-20,-0.025900755458341244,DOWN,0.05270373300627562,3,0.01134164335867613,0,0.4020155966281891,0.4937239,0.5677635669708252,0.5891861617565155
2020-03-24,2020-03-23,0.08673099436253733,UP,0.05261632632287606,3,0.01134164335867613,1,0.8336176872253418,0.9370345,0.5677635669708252,0.5891861617565155
2020-03-26,2020-03-25,0.05674869876971943,UP,0.057800535254980884,3,0.01134164335867613,1,0.2431909143924713,0.49157274,0.5677635669708252,0.5891861617565155
2020-03-27,2020-03-26,-0.030238259991311155,DOWN,0.0591386147365037,3,0.01134164335867613,0,0.4004318416118622,0.43731666,0.5677635669708252,0.5891861617565155
2020-03-30,2020-03-27,0.031959525345806684,UP,0.05937131565253335,3,0.01134164335867613,1,0.5139179825782776,0.61796653,0.5677635669708252,0.5891861617565155
2020-04-01,2020-03-31,-0.04604904148877963,DOWN,0.05877491740617397,3,0.01134164335867613,0,0.27779948711395264,0.4120517,0.5677635669708252,0.5891861617565155
2020-04-02,2020-04-01,0.022813182552417124,UP,0.058196235712224625,3,0.01134164335867613,1,0.19318337738513947,0.5292161,0.5677635669708252,0.5891861617565155
2020-04-06,2020-04-03,0.06500673748543066,UP,0.05844334277148583,3,0.01134164335867613,1,0.45170947909355164,0.46327737,0.5677635669708252,0.5891861617565155
2020-04-08,2020-04-07,0.033017294838593204,UP,0.05677838655872428,3,0.01134164335867613,1,0.6064382195472717,0.21299335,0.5677635669708252,0.5891861617565155
2020-04-14,2020-04-13,0.029066322582236008,UP,0.04792609069878733,3,0.01134164335867613,1,0.08457782864570618,0.21977104,0.5677635669708252,0.5891861617565155
2020-04-17,2020-04-16,0.026656961689813345,UP,0.03624765004687545,3,0.01134164335867613,1,0.09902477264404297,0.17663358,0.5677635669708252,0.5891861617565155
2020-04-21,2020-04-20,-0.030833763390650033,DOWN,0.03439605960277951,3,0.01134164335867613,0,0.06518831104040146,0.0731026,0.5677635669708252,0.5891861617565155
2020-04-22,2020-04-21,0.021951826516892335,UP,0.034686381100533174,3,0.01134164335867613,1,0.31168124079704285,0.14065851,0.5677635669708252,0.5891861617565155
2020-04-29,2020-04-28,0.025841699275864903,UP,0.02567654761936704,3,0.01134164335867613,1,0.08099434524774551,0.22178684,0.5677635669708252,0.5891861617565155
2020-05-01,2020-04-30,-0.02683016199258795,DOWN,0.022886627015108206,3,0.01134164335867613,0,0.08950549364089966,0.12045126,0.5677635669708252,0.5891861617565155
2020-05-18,2020-05-15,0.03000500773344127,UP,0.01635042054965535,3,0.01134164335867613,1,0.5380507111549377,0.5267931,0.5677635669708252,0.5891861617565155
2020-06-05,2020-06-04,0.02530660249279807,UP,0.012320470713472906,3,0.01134164335867613,1,0.21859686076641083,0.13317955,0.5677635669708252,0.5891861617565155
2020-06-12,2020-06-10,-0.04747287847905728,DOWN,0.012099621878637007,3,0.01134164335867613,0,0.11256743222475052,0.08999698,0.5677635669708252,0.5891861617565155
2020-06-26,2020-06-25,-0.024038096459339246,DOWN,0.011373436244546502,3,0.01134164335867613,0,0.27040690183639526,0.81671315,0.5677635669708252,0.5891861617565155
2020-09-09,2020-09-08,0.019554908673632087,UP,0.012446735649209955,3,0.01134164335867613,1,0.5172457695007324,0.7026997,0.5677635669708252,0.5891861617565155
2020-09-10,2020-09-09,-0.017516163589897774,DOWN,0.013054700418822653,3,0.01134164335867613,0,0.46825581789016724,0.4555402,0.5677635669708252,0.5891861617565155
2020-09-14,2020-09-11,0.013085281479949857,UP,0.013314733545797215,3,0.01134164335867613,1,0.4746131896972656,0.78111356,0.5677635669708252,0.5891861617565155
2020-09-17,2020-09-16,-0.008834169361647914,DOWN,0.01370646064708112,3,0.01134164335867613,0,0.35358741879463196,0.06150041,0.5677635669708252,0.5891861617565155
2020-09-18,2020-09-17,-0.015574449506466947,DOWN,0.013820786803991188,3,0.01134164335867613,0,0.4782821536064148,0.18477127,0.5677635669708252,0.5891861617565155
