target_date,actual_up,score,future_log_return,stage1_predicted_move,high_volatility,predicted_up,correct,outer_fold
2010-11-23,0,0.6192055940628052,-0.014582939436894508,True,False,1,False,1
2010-11-24,1,0.7197080850601196,0.014666091871414004,True,False,1,True,1
2010-12-01,1,0.87420654296875,0.02104465366343367,True,False,1,True,1
2010-12-21,1,0.8475766181945801,0.00632028122768749,True,False,1,True,1
2011-01-24,1,0.230704203248024,0.005670664070208581,True,False,0,False,1
2011-01-28,0,0.3054031431674957,-0.01761718927405389,True,False,0,True,1
2011-01-31,1,0.9457868337631226,0.007488268048510469,True,False,1,True,1
2011-02-01,1,0.00890264566987753,0.015882014747780775,True,False,0,False,1
2011-02-11,1,0.9920814037322998,0.00595257201654703,True,False,1,True,1
2011-02-16,1,0.9993932247161865,0.006295543499705147,True,False,1,True,1
2011-02-23,0,0.4636738896369934,-0.006163211746435969,True,False,1,False,1
2011-02-25,1,0.0052782087586820126,0.010636043322289847,True,False,0,False,1
2011-02-28,1,6.274375482462347e-05,0.006177449798552023,True,False,0,False,1
2011-03-03,1,0.9539902806282043,0.017077598345467793,True,False,1,True,1
2011-03-07,0,0.37349438667297363,-0.007881879144340674,True,False,1,False,1
2011-03-08,1,0.23270265758037567,0.008711915857417783,True,False,0,False,1
2011-03-10,0,0.3336351215839386,-0.018679283098206725,True,False,1,False,1
2011-03-11,1,0.0017321776831522584,0.006902350439859637,True,False,0,False,1
2011-03-14,0,0.5062980055809021,-0.006056159320269047,True,False,1,False,1
2011-03-15,0,0.9918373227119446,-0.011523312921841292,True,False,1,False,1
2011-03-16,0,0.8976181745529175,-0.018686241077615323,True,False,1,False,1
2011-03-17,1,0.9989655017852783,0.013148228441042051,True,False,1,True,1
2011-03-21,1,0.022412847727537155,0.015378969497287495,True,False,0,False,1
2011-03-24,1,0.9990158081054688,0.00951795829774732,True,False,1,True,1
2011-03-29,1,0.0061575016006827354,0.006696151143217117,True,False,0,False,1
2011-04-12,0,0.054301004856824875,-0.007502065749284654,True,False,0,True,1
2011-04-18,0,0.9533286690711975,-0.011271983621468707,True,False,1,False,1
2011-04-19,1,0.9992172718048096,0.005728048761922306,True,False,1,True,1
2011-04-20,1,0.9244807362556458,0.013539849979458639,True,False,1,True,1
2011-05-05,0,0.10401889681816101,-0.0090896260574921,True,False,0,True,1
2011-05-10,1,0.0055768489837646484,0.0084999507437913,True,False,0,False,1
2011-05-13,0,0.9991312623023987,-0.007728996292128419,True,False,1,False,1
2011-05-16,0,0.9915662407875061,-0.006361514237382823,True,False,1,False,1
2011-05-18,1,0.1511542946100235,0.008896275522450333,True,False,0,False,1
2011-05-23,0,0.9596076607704163,-0.011668766889634,True,False,1,False,1
2011-05-31,1,0.9980242252349854,0.010357377711179271,True,False,1,True,1
2011-06-03,0,0.8952372074127197,-0.009994342882886753,True,False,1,False,1
2011-06-06,0,0.10069055110216141,-0.010637616137775861,True,False,0,True,1
2011-06-09,1,0.18940691649913788,0.007602206791408592,True,False,0,False,1
2011-06-10,0,0.9985867738723755,-0.014007975946590421,True,False,1,False,1
2011-06-14,1,0.2079874873161316,0.012606270353002092,True,False,0,False,1
2011-06-15,0,0.06766227632761002,-0.01794548154718442,True,False,0,True,1
2011-06-21,1,0.995610773563385,0.01361094348212197,True,False,1,True,1
2011-06-22,0,0.4148837625980377,-0.006043709656474322,True,False,1,False,1
2011-06-24,0,0.06515759229660034,-0.011681411413365773,True,False,0,True,1
2011-06-27,1,0.38789287209510803,0.008871539110088738,True,False,1,True,1
2011-06-28,1,0.9982542395591736,0.012968523040000554,True,False,1,True,1
2011-06-29,1,0.6736757755279541,0.008527694305573862,True,False,1,True,1
2011-06-30,1,0.9973024129867554,0.009516992828594329,True,False,1,True,1
2011-07-11,0,0.0731939747929573,-0.01824574939739419,True,False,0,True,1
2011-07-14,0,0.7523291110992432,-0.006926265084537383,True,False,1,False,1
2011-07-19,1,0.9726608991622925,0.01610116918648337,True,False,1,True,1
2011-07-21,1,0.4176505506038666,0.013775853108294189,True,False,1,True,1
2011-07-29,0,0.9783586859703064,-0.006858045597718971,True,False,1,False,1
2011-08-02,0,0.5152834057807922,-0.02587945553195333,True,False,1,False,1
2011-08-04,0,0.045519787818193436,-0.04797410605219454,True,False,0,True,1
2011-08-08,0,0.31229937076568604,-0.06734057403046549,True,False,0,True,1
2011-08-09,1,0.9926794767379761,0.045450506361566,True,True,1,True,1
2011-08-11,1,0.8920808434486389,0.04390567430386801,True,True,1,True,1
2011-08-15,1,0.15127484500408173,0.02094405066518224,True,True,0,False,1
2011-08-18,0,0.8150964975357056,-0.044075765203905146,True,True,1,False,1
2011-08-19,0,0.005867154337465763,-0.01646528708952503,True,True,0,True,1
2011-08-23,1,0.0005727973766624928,0.03238053100952896,True,True,0,False,1
2011-08-25,0,0.94733726978302,-0.015361311166349485,True,True,1,False,1
2011-08-26,1,0.23875293135643005,0.0144293000086114,True,True,0,False,1
2011-09-02,0,0.004292135126888752,-0.02588195859748386,True,True,0,True,1
2011-09-07,1,0.8980357646942139,0.02781705881741318,True,True,1,True,1
2011-09-09,0,0.09607289731502533,-0.0265592965591247,True,True,0,True,1
2011-09-15,1,0.9996837377548218,0.017110031462982917,True,True,1,True,1
2011-09-22,0,0.44940701127052307,-0.03285838920438979,True,True,1,False,1
2011-09-26,1,0.009893522597849369,0.023501795078211662,True,True,0,False,1
2011-09-28,0,0.2783602178096771,-0.020629935026862865,True,True,0,True,1
2011-09-30,0,0.7629911303520203,-0.02530677345236948,True,True,1,False,1
2011-10-03,0,0.008338742889463902,-0.028870583198134143,True,True,0,True,1
2011-10-04,1,0.2845607399940491,0.021686152138976265,True,True,0,False,1
2011-10-10,1,0.90097576379776,0.032898565789152207,True,True,1,True,1
2011-11-16,0,0.9989199638366699,-0.015990107007195373,True,True,1,False,1
2011-11-28,1,0.9871416091918945,0.028555236610433046,True,True,1,True,1
2011-11-30,1,0.93108731508255,0.04032536892293411,True,True,1,True,1
2011-12-20,1,0.47191742062568665,0.02981139092228546,True,True,1,True,1
2012-01-03,1,0.8830695748329163,0.015810606026642245,True,False,1,True,1
2012-03-06,0,0.4864494204521179,-0.014733231512984004,True,False,1,False,1
2012-03-08,1,0.00679192878305912,0.009899914873447515,True,False,0,False,1
2012-03-26,1,0.9329167008399963,0.0139375558596752,True,False,1,True,1
2012-04-09,0,0.9998818635940552,-0.01129462095995572,True,False,1,False,1
2012-04-10,0,0.7203446626663208,-0.016927351249561472,True,False,1,False,1
2012-04-11,1,0.14693127572536469,0.00806164958284261,True,False,0,False,1
2012-04-12,1,0.10362004488706589,0.012981025165336122,True,False,0,False,1
2012-04-13,0,0.06932609528303146,-0.01195965358781548,True,False,0,True,1
2012-04-17,1,0.47779348492622375,0.014703475288866496,True,False,1,True,1
2012-04-19,0,0.5260705351829529,-0.006441591294652862,True,False,1,False,1
2012-04-23,0,0.10221807658672333,-0.008444424521305168,True,False,0,True,1
2012-04-25,1,0.18315543234348297,0.013598798225997724,True,False,0,False,1
2012-04-26,1,0.012056766077876091,0.006944729536737264,True,False,0,False,1
2012-05-04,0,0.5105997323989868,-0.016289952979268458,True,False,1,False,1
2012-05-09,0,0.05792533606290817,-0.005949538524837831,True,False,0,True,1
2012-05-14,0,0.9779797792434692,-0.011122760326664573,True,False,1,False,1
2012-05-15,0,0.004371169954538345,-0.005758133548508667,True,False,0,True,1
2012-05-17,0,0.010975347831845284,-0.014942074823610709,True,False,0,True,1
2012-05-18,0,0.0011459586676210165,-0.008595563981053293,True,False,0,True,1
2012-05-21,1,0.6857311129570007,0.017042143153895094,True,False,1,True,1
2012-05-29,1,0.9472981095314026,0.01203920355045307,True,False,1,True,1
2012-05-30,0,0.9472284913063049,-0.014616417103779963,True,False,1,False,1
2012-06-01,0,0.05470113828778267,-0.025499186098984584,True,False,0,True,1
2012-06-05,1,0.0011584388557821512,0.007543693044012312,True,False,0,False,1
2012-06-06,1,0.3033505380153656,0.022219683685399394,True,False,0,False,1
2012-06-08,1,0.9968187808990479,0.007920109403916804,True,False,1,True,1
2012-06-11,0,0.9836810827255249,-0.01277853673432137,True,False,1,False,1
2012-06-12,1,0.025549912825226784,0.011425195187419059,True,False,0,False,1
2012-06-13,0,0.990526556968689,-0.006415289197970859,True,False,1,False,1
2012-06-14,1,0.31486043334007263,0.010544602119150941,True,False,0,False,1
2012-06-19,1,0.7871307134628296,0.009626161675834072,True,False,1,True,1
2012-06-25,0,0.6100192070007324,-0.016164709374456528,True,False,1,False,1
2012-06-27,1,0.8682654500007629,0.008976130181058067,True,False,1,True,1
2012-06-29,1,0.9750185012817383,0.02462107206103697,True,False,1,True,1
2012-07-10,0,0.3418485224246979,-0.008758371916199225,True,False,1,False,1
2012-07-13,1,0.42313602566719055,0.016638618556256375,True,False,1,True,1
2012-07-17,1,0.9823976159095764,0.006843604159668158,True,False,1,True,1
2012-07-24,0,0.9725468158721924,-0.008623975160813382,True,False,1,False,1
2012-07-26,1,0.494839608669281,0.01636279364520529,True,False,1,True,1
2012-07-31,0,0.3661234676837921,-0.0070189945103160956,True,False,1,False,1
2012-08-03,1,0.9834781289100647,0.019639072154451945,True,False,1,True,1
2012-08-16,1,0.9072192311286926,0.0073514753644729515,True,False,1,True,1
2012-08-30,0,0.6936749219894409,-0.007233996182479838,True,False,1,False,1
2012-09-06,1,0.002198009053245187,0.020093415455824763,True,False,0,False,1
2012-09-25,0,0.9965183734893799,-0.010698896138496448,True,False,1,False,1
2012-09-27,1,0.9680452942848206,0.009377390550657554,True,False,1,True,1
2012-10-10,0,0.7740046381950378,-0.006400454454726661,True,False,1,False,1
2012-10-15,1,0.7477307915687561,0.0082936143668975,True,False,1,True,1
2012-10-16,1,0.9826012253761292,0.010082203211906414,True,False,1,True,1
2012-10-23,0,0.9880979657173157,-0.013973513048603455,True,False,1,False,1
2012-11-01,1,0.805767834186554,0.010415997374597061,True,False,1,True,1
2012-11-02,0,0.12271085381507874,-0.008931486463534484,True,False,0,True,1
2012-11-06,1,0.9842961430549622,0.007794713531612405,True,False,1,True,1
2012-11-07,0,0.999991774559021,-0.02292448913901554,True,False,1,False,1
2012-11-08,0,0.7788708209991455,-0.012096979082725046,True,False,1,False,1
2012-11-14,0,0.9809908866882324,-0.013590744815579842,True,False,1,False,1
2012-11-19,1,0.8799622654914856,0.020037038884988225,True,False,1,True,1
2012-11-23,1,0.9786968231201172,0.013533035130504684,True,False,1,True,1
2012-11-28,1,0.7019482851028442,0.008020234257834215,True,False,1,True,1
2012-12-11,1,0.9891913533210754,0.006785386519996082,True,False,1,True,1
2012-12-17,1,0.7155235409736633,0.011683752096523075,True,False,1,True,1
2012-12-20,1,0.9999192953109741,0.005735835941309844,True,False,1,True,1
2012-12-28,0,0.9821402430534363,-0.010866961580575455,True,False,1,False,1
2012-12-31,1,0.9999349117279053,0.016853570296344864,True,False,1,True,1
2013-01-02,1,0.21092009544372559,0.025307232530281845,True,False,0,False,1
2013-01-10,1,0.09326787292957306,0.007918155104775441,True,False,0,False,1
2013-01-17,1,0.20418933033943176,0.0064395880109128344,True,False,0,False,1
2013-01-25,1,0.9323020577430725,0.005606344041853558,True,False,1,True,1
2013-02-01,1,0.5907906293869019,0.010234744303814203,True,False,1,True,1
2013-02-05,1,0.9983565211296082,0.010047057361337028,True,False,1,True,1
2013-02-08,1,0.8893116116523743,0.005548939530563959,True,False,1,True,1
2013-02-19,1,0.9997972846031189,0.007466627480102244,True,False,1,True,1
2013-02-20,0,0.9628132581710815,-0.012541637747840189,True,False,1,False,1
2013-02-21,0,0.21803493797779083,-0.006097567843170686,True,False,0,True,1
2013-02-22,1,0.9799687266349792,0.00972520140623874,True,False,1,True,1
2013-02-25,0,0.619658350944519,-0.019210264686089513,True,False,1,False,1
2013-02-26,1,0.996986448764801,0.006822341075306378,True,False,1,True,1
2013-02-27,1,0.9995394945144653,0.012519617305904326,True,False,1,True,1
2013-03-18,0,0.9944140911102295,-0.0055341235315858415,True,False,1,False,1
2013-03-20,1,0.8933866620063782,0.006961045320596425,True,False,1,True,1
2013-03-22,1,0.9976071119308472,0.008001110346472698,True,False,1,True,1
2013-03-26,1,0.9499731659889221,0.007970765961989446,True,False,1,True,1
2013-04-08,1,0.9058830142021179,0.006744432648754667,True,False,1,True,1
2013-04-16,1,0.9835679531097412,0.014654910174762463,True,False,1,True,1
2013-04-18,0,0.9945429563522339,-0.006273270181493821,True,False,1,False,1
2013-04-19,1,0.7763267755508423,0.008655802114729601,True,False,1,True,1
2013-04-23,1,0.9980756044387817,0.010256504155200347,True,False,1,True,1
2013-05-02,1,0.9704889059066772,0.009244484452722372,True,False,1,True,1
2013-05-14,1,0.21323761343955994,0.010280849124774243,True,False,0,False,1
2013-05-17,1,0.7171016931533813,0.009630543371476553,True,False,1,True,1
2013-05-28,1,0.9344340562820435,0.0059709202535344254,True,False,1,True,1
2013-05-31,0,0.9259846806526184,-0.014456063768440826,True,False,1,False,1
2013-06-03,1,0.9398121237754822,0.005491222748205635,True,False,1,True,1
2013-06-05,0,0.973178505897522,-0.014099875084750964,True,False,1,False,1
2013-06-06,1,0.9368086457252502,0.009012353932596352,True,False,1,True,1
2013-06-07,1,0.9567192196846008,0.012640276575702901,True,False,1,True,1
2013-06-12,0,0.9050375819206238,-0.008311613667880477,True,False,1,False,1
2013-06-13,1,0.6262603998184204,0.01509420400859605,True,False,1,True,1
2013-06-14,0,0.3684772253036499,-0.006292296273244697,True,False,1,False,1
2013-06-17,1,0.11270076036453247,0.007691935760106994,True,False,0,False,1
2013-06-18,1,0.9765253067016602,0.007874551687688627,True,False,1,True,1
2013-06-20,0,0.14638221263885498,-0.025090386433772593,True,False,0,True,1
2013-06-24,0,0.39111974835395813,-0.012716520551955237,True,False,1,False,1
2013-06-25,1,0.8674261569976807,0.00956829998834733,True,False,1,True,1
2013-06-26,1,0.9862157106399536,0.009852246442467346,True,False,1,True,1
2013-07-01,1,0.49428117275238037,0.0058425329038531955,True,False,1,True,1
2013-07-05,1,0.9968216419219971,0.01073094156035213,True,False,1,True,1
2013-07-08,1,0.9993793964385986,0.00568856580219072,True,False,1,True,1
2013-08-01,1,0.35154861211776733,0.011491990153753543,True,False,1,True,1
2013-08-06,0,0.03288465365767479,-0.005698697921155843,True,False,0,True,1
2013-08-15,0,0.9528551697731018,-0.014084743088398959,True,False,1,False,1
2013-08-19,0,0.999679446220398,-0.006412590268578053,True,False,1,False,1
2013-08-21,0,0.994074285030365,-0.006179242260351285,True,False,1,False,1
2013-08-22,1,0.9946268200874329,0.009073923623194202,True,False,1,True,1
2013-08-27,0,0.8252767324447632,-0.016215083080727662,True,False,1,False,1
2013-09-04,1,0.9795728325843811,0.008238979257379415,True,False,1,True,1
2013-09-09,1,0.24928921461105347,0.009530516022100581,True,False,0,False,1
2013-09-20,0,0.023885849863290787,-0.011878521592229619,True,False,0,True,1
2013-09-30,0,0.9997922778129578,-0.005342581627234101,True,False,1,False,1
2013-10-01,1,0.999990701675415,0.007885037842500666,True,False,1,True,1
2013-10-03,0,0.9994087219238281,-0.009263710042895584,True,False,1,False,1
2013-10-04,1,0.36556103825569153,0.007548128275420309,True,False,1,True,1
2013-10-07,0,0.9926407933235168,-0.008682302092439639,True,False,1,False,1
2013-10-08,0,0.9967566132545471,-0.011714993948873946,True,False,1,False,1
2013-10-10,1,0.9953464865684509,0.02132883685530792,True,False,1,True,1
2013-10-11,1,0.28058260679244995,0.006422532529079709,True,False,0,False,1
2013-10-15,0,0.7625577449798584,-0.007280477763183888,True,False,1,False,1
2013-10-16,1,0.9975919723510742,0.01386925907348073,True,False,1,True,1
2013-10-17,1,0.6424834728240967,0.0066610566196149456,True,False,1,True,1
2013-10-29,1,0.3579522371292114,0.005319777444716878,True,False,1,True,1
2013-10-30,0,0.001083933049812913,-0.004979385063899464,True,False,0,True,1
2013-11-06,1,0.9543782472610474,0.0050927786073059,True,False,1,True,1
2013-11-07,0,0.8590764403343201,-0.012723861244583412,True,False,1,False,1
2013-11-08,1,0.9941555261611938,0.01340092000813424,True,False,1,True,1
2013-11-13,1,0.9480006098747253,0.007992377337158595,True,False,1,True,1
2013-11-14,1,0.9879502058029175,0.004976939488140353,True,False,1,True,1
2013-11-21,1,0.09581471979618073,0.008036219496011009,True,False,0,False,1
2013-11-22,1,0.3245575428009033,0.004989996456698458,True,False,1,True,1
2013-12-06,1,0.9929986000061035,0.011114930327336266,True,False,1,True,1
2013-12-11,0,0.9990695118904114,-0.011294518887728793,True,False,1,False,1
2013-12-16,1,0.9543272256851196,0.006212767889755312,True,False,1,True,1
2013-12-18,1,0.9911921620368958,0.016928408301777012,True,False,1,True,1
2013-12-23,1,0.9800772070884705,0.005328372245571922,True,False,1,True,1
2013-12-31,1,0.5243025422096252,0.00472169933228343,True,False,1,True,1
2014-01-02,0,0.8587124943733215,-0.009629868327046057,True,False,1,False,1
2014-01-07,1,0.06071924790740013,0.006122887751066847,True,False,0,False,1
2014-01-13,0,0.8339899778366089,-0.013394382993537016,True,False,1,False,1
2014-01-14,1,0.9995427131652832,0.010838707619623187,True,False,1,True,1
2014-01-15,1,0.0018094530096277595,0.005375657004934926,True,False,0,False,1
2014-01-23,0,0.12514567375183105,-0.008226965035855842,True,False,0,True,1
2014-01-24,0,0.9991940855979919,-0.021566827807321755,True,False,1,False,1
2014-01-27,0,0.8022006154060364,-0.004931390760639816,True,False,1,False,1
2014-01-28,1,0.9923800230026245,0.005937134119493119,True,False,1,True,1
2014-01-29,0,0.11113237589597702,-0.00965161611537867,True,False,0,True,1
2014-01-30,1,0.9550662040710449,0.010544657770921622,True,False,1,True,1
2014-01-31,0,0.8346491456031799,-0.005875639218870396,True,False,1,False,1
2014-02-03,0,0.4453357458114624,-0.022762410956105997,True,False,1,False,1
2014-02-04,1,0.8290135264396667,0.006980239059416479,True,False,1,True,1
2014-02-06,1,0.9939042925834656,0.013100981927253019,True,False,1,True,1
2014-02-07,1,0.8749844431877136,0.012319547789767769,True,False,1,True,1
2014-02-11,1,0.9991662502288818,0.010884393064174505,True,False,1,True,1
2014-02-14,1,0.9758412837982178,0.005503704430046969,True,False,1,True,1
2014-02-24,1,0.21903377771377563,0.005531490590065675,True,False,0,False,1
2014-02-27,1,0.9660991430282593,0.005233784227441233,True,False,1,True,1
2014-03-04,1,0.6784040927886963,0.013957742813019232,True,False,1,True,2
2014-03-13,0,0.5943781137466431,-0.01127653119657927,True,False,1,False,2
2014-03-17,1,0.6177075505256653,0.00900298889015155,True,False,1,True,2
2014-03-18,1,0.6287034153938293,0.007112529310234612,True,False,1,True,2
2014-03-19,0,0.5183890461921692,-0.005343034619756702,True,False,0,True,2
2014-03-20,1,0.5969683527946472,0.005822490887499918,True,False,1,True,2
2014-03-21,0,0.691256582736969,-0.008289942190954327,True,False,1,False,2
2014-03-26,0,0.728782057762146,-0.007218283562339287,True,False,1,False,2
2014-03-28,1,0.5488258600234985,0.004918018095382473,True,False,1,True,2
2014-03-31,1,0.667655348777771,0.0081610601340628,True,False,1,True,2
2014-04-01,1,0.5438879132270813,0.006608804693012863,True,False,1,True,2
2014-04-04,0,0.6628133654594421,-0.01189258073598757,True,False,1,False,2
2014-04-07,0,0.46268486976623535,-0.011113010807849042,True,False,0,True,2
2014-04-09,1,0.5004926323890686,0.010693512369671362,True,False,0,False,2
2014-04-10,0,0.47965776920318604,-0.021229657140335145,True,False,0,True,2
2014-04-11,0,0.5222690105438232,-0.009049389440753466,True,False,0,True,2
2014-04-14,1,0.504795253276825,0.00784752523142513,True,False,0,False,2
2014-04-15,1,0.636323094367981,0.006863863679962793,True,False,1,True,2
2014-04-16,1,0.6434951424598694,0.010423273290011996,True,False,1,True,2
2014-04-25,0,0.7044209241867065,-0.008232744912048813,True,False,1,False,2
2014-05-06,0,0.6884753704071045,-0.008742056756520605,True,False,1,False,2
2014-05-07,1,0.6589899063110352,0.005872040001730826,True,False,1,True,2
2014-05-12,1,0.4462537169456482,0.00968895241931179,True,False,0,False,2
2014-05-15,0,0.6077316999435425,-0.008819074848976698,True,False,1,False,2
2014-05-20,0,0.34064123034477234,-0.006324942897985657,True,False,0,True,2
2014-05-21,1,0.5086154341697693,0.008389142317992792,True,False,0,False,2
2014-05-27,1,0.4986400604248047,0.0061277492246281,True,False,0,False,2
2014-06-12,0,0.5731648206710815,-0.0071050338184486484,True,False,1,False,2
2014-06-18,1,0.5282211899757385,0.007312889933115217,True,False,0,False,2
2014-06-24,0,0.5165619254112244,-0.006042355057687075,True,False,0,True,2
2014-06-25,1,0.5459014177322388,0.0045096155423069,True,False,1,True,2
2014-07-01,1,0.5569977760314941,0.006670922554447326,True,False,1,True,2
2014-07-03,1,0.5920132994651794,0.004906067745438288,True,False,1,True,2
2014-07-08,0,0.5524517297744751,-0.006450760216380564,True,False,1,False,2
2014-07-09,1,0.5864428281784058,0.0044742276320883885,True,False,1,True,2
2014-07-14,1,0.44808632135391235,0.005022741978227536,True,False,0,False,2
2014-07-17,0,0.476599782705307,-0.011431017976897126,True,False,0,True,2
2014-07-18,1,0.5658455491065979,0.010167338522886066,True,False,1,True,2
2014-07-22,1,0.49432748556137085,0.004348495626861532,True,False,0,False,2
2014-07-25,0,0.5074151158332825,-0.004692556922979242,True,False,0,True,2
2014-07-29,0,0.5242219567298889,-0.004306560695288627,True,False,0,True,2
2014-07-31,0,0.3887312710285187,-0.019945796563103725,True,False,0,True,2
2014-08-04,1,0.5373978018760681,0.007194831067147849,True,False,0,False,2
2014-08-05,0,0.3847128748893738,-0.009743559398901468,True,False,0,True,2
2014-08-07,0,0.5224853754043579,-0.005429449664381589,True,False,0,True,2
2014-08-08,1,0.5353469848632812,0.01150249072739809,True,False,0,False,2
2014-08-13,1,0.5214377045631409,0.006746157238177152,True,False,0,False,2
2014-08-14,1,0.4974525570869446,0.004710700930836769,True,False,0,False,2
2014-08-18,1,0.6614275574684143,0.00834440265577117,True,False,1,True,2
2014-08-19,1,0.48133599758148193,0.005205311964475726,True,False,0,False,2
2014-09-05,1,0.5985573530197144,0.004485175863692967,True,False,1,True,2
2014-09-09,0,0.494691401720047,-0.006351395420682992,True,False,0,True,2
2014-09-10,1,0.6689493656158447,0.0037557317613714147,True,False,1,True,2
2014-09-12,0,0.5116914510726929,-0.005858355616396487,True,False,0,True,2
2014-09-16,1,0.5365610718727112,0.007510174147197439,True,False,0,False,2
2014-09-18,1,0.5702909827232361,0.005315894500358037,True,False,1,True,2
2014-09-19,0,0.5195982456207275,-0.005565006730506278,True,False,0,True,2
2014-09-22,0,0.4623331129550934,-0.007752961616901403,True,False,0,True,2
2014-09-23,0,0.531056821346283,-0.005740772251970257,True,False,0,True,2
2014-09-24,1,0.5893521308898926,0.007797424031039491,True,False,1,True,2
2014-09-25,0,0.46886709332466125,-0.016267099146391652,True,False,0,True,2
2014-09-26,1,0.6554843187332153,0.007913990154607694,True,False,1,True,2
2014-10-01,0,0.5462427139282227,-0.013644579409955858,True,False,1,False,2
2014-10-03,1,0.5532277822494507,0.010949197845781487,True,False,1,True,2
2014-10-07,0,0.731764018535614,-0.015556719198476667,True,False,1,False,2
2014-10-08,1,0.4895589351654053,0.017338238566358213,True,False,0,False,2
2014-10-09,0,0.48999086022377014,-0.020032483790296044,True,False,0,True,2
2014-10-10,0,0.5798488259315491,-0.011480047880891237,True,False,1,False,2
2014-10-13,0,0.4504978060722351,-0.01656336132841643,True,False,0,True,2
2014-10-15,0,0.5125887393951416,-0.006789133113090686,True,False,0,True,2
2014-10-17,1,0.46176064014434814,0.011741592523610402,True,False,0,False,2
2014-10-20,1,0.641351580619812,0.00966294083322011,True,False,1,True,2
2014-10-21,1,0.6009489297866821,0.019617166125424336,True,False,1,True,2
2014-10-23,1,0.5786107778549194,0.011557789576533795,True,False,1,True,2
2014-10-24,1,0.5716767907142639,0.007665614275054814,True,False,1,True,2
2014-10-28,1,0.4960518479347229,0.011404943846823197,True,False,0,False,2
2014-11-21,1,0.5577419996261597,0.005336406489951131,True,False,1,True,2
2014-12-02,1,0.45163875818252563,0.0064430493475267124,True,False,0,False,2
2014-12-10,0,0.5882948040962219,-0.016161265350257942,True,False,1,False,2
2014-12-11,1,0.5931386351585388,0.00505708093270082,True,False,1,True,2
2014-12-12,0,0.5031328201293945,-0.01629345335566466,True,False,0,True,2
2014-12-15,0,0.5701009035110474,-0.006893158682127761,True,False,1,False,2
2014-12-16,0,0.5998270511627197,-0.008051932446890809,True,False,1,False,2
2014-12-17,1,0.6648199558258057,0.019415118999434836,True,False,1,True,2
2014-12-18,1,0.4599097669124603,0.024427900848919635,True,False,0,False,2
2014-12-31,0,0.5565404891967773,-0.00997255115969937,True,False,1,False,2
2015-01-05,0,0.5600535273551941,-0.018224704391309896,True,False,1,False,2
2015-01-06,0,0.533648669719696,-0.009463605301043171,True,False,0,True,2
2015-01-07,1,0.5079184770584106,0.01238416446271821,True,False,0,False,2
2015-01-08,1,0.5940262675285339,0.01758942196896442,True,False,1,True,2
2015-01-09,0,0.49698007106781006,-0.008045850650524594,True,False,0,True,2
2015-01-12,0,0.604528546333313,-0.007864410784303022,True,False,1,False,2
2015-01-15,0,0.5072231292724609,-0.00920280734937316,True,False,0,True,2
2015-01-16,1,0.46046146750450134,0.013029015212169084,True,False,0,False,2
2015-01-22,1,0.4224443733692169,0.01476151841513954,True,False,0,False,2
2015-01-27,0,0.7018327713012695,-0.01327828342652442,True,False,1,False,2
2015-01-28,0,0.6230216026306152,-0.012907278436190254,True,False,1,False,2
2015-01-29,1,0.43992796540260315,0.009201099807839798,True,False,0,False,2
2015-01-30,0,0.6406009793281555,-0.012654655369977563,True,False,1,False,2
2015-02-02,1,0.4153209328651428,0.012308007234080716,True,False,0,False,2
2015-02-03,1,0.6587662100791931,0.014357598431818042,True,False,1,True,2
2015-02-05,1,0.38181766867637634,0.010044443487849221,True,False,0,False,2
2015-02-10,1,0.44499877095222473,0.01059699136311393,True,False,0,False,2
2015-03-02,1,0.55774986743927,0.006293652868157811,True,False,1,True,2
2015-03-06,0,0.6080794334411621,-0.014164303542830515,True,False,1,False,2
2015-03-10,0,0.6427398920059204,-0.01635496324619298,True,False,1,False,2
2015-03-12,1,0.6350194215774536,0.012633822390026958,True,False,1,True,2
2015-03-13,0,0.5575137138366699,-0.006151203606017958,True,False,1,False,2
2015-03-16,1,0.6193345785140991,0.01327207520486987,True,False,1,True,2
2015-03-18,1,0.5107594132423401,0.011949857413652766,True,False,0,False,2
2015-03-25,0,0.5250105857849121,-0.014762257583974083,True,False,0,True,2
2015-03-30,1,0.684404194355011,0.012126018644524963,True,False,1,True,2
2015-03-31,0,0.4995259940624237,-0.008777944644853434,True,False,0,True,2
2015-04-06,1,0.6139708161354065,0.006710621534576819,True,False,1,True,2
2015-04-17,0,0.6094914078712463,-0.011570210421864109,True,False,1,False,2
2015-04-20,1,0.6194540858268738,0.00909536735125444,True,False,1,True,2
2015-04-30,0,0.5209286212921143,-0.010070965675104416,True,False,0,True,2
2015-05-01,1,0.5525760054588318,0.010783035269824706,True,False,1,True,2
2015-05-05,0,0.500061571598053,-0.011517967610371698,True,False,0,True,2
2015-05-08,1,0.5052431225776672,0.013080164912577465,True,False,0,False,2
2015-05-14,1,0.5316504836082458,0.010373597439841523,True,False,0,False,2
2015-05-26,0,0.6740328669548035,-0.01080993571497929,True,False,1,False,2
2015-05-27,1,0.6385815739631653,0.009447401532239053,True,False,1,True,2
2015-05-29,0,0.4813136160373688,-0.00623234928167894,True,False,0,True,2
2015-06-04,0,0.3469446003437042,-0.008482426280820986,True,False,0,True,2
2015-06-08,0,0.4696446657180786,-0.006168619894907657,True,False,0,True,2
2015-06-10,1,0.5553316473960876,0.011921934417045426,True,False,1,True,2
2015-06-12,0,0.6456985473632812,-0.007684367470106338,True,False,1,False,2
2015-06-16,1,0.5427212119102478,0.005436866635543014,True,False,1,True,2
2015-06-18,1,0.4786132276058197,0.010345664549366142,True,False,0,False,2
2015-06-19,0,0.4438417851924896,-0.009301520060152167,True,False,0,True,2
2015-06-22,1,0.475681871175766,0.0051100269172874,True,False,0,False,2
2015-06-24,0,0.6268952488899231,-0.0072892513339581156,True,False,1,False,2
2015-06-29,0,0.5924098491668701,-0.021193400386544974,True,False,1,False,2
2015-07-01,1,0.6449517607688904,0.007983561804533027,True,False,1,True,2
2015-07-07,1,0.48116534948349,0.006269022964348443,True,False,0,False,2
2015-07-08,0,0.4393234848976135,-0.0169195914419475,True,False,0,True,2
2015-07-10,1,0.5058557391166687,0.012512903433965095,True,False,0,False,2
2015-07-13,1,0.43477100133895874,0.010976783887015968,True,False,0,False,2
2015-07-16,1,0.3807017505168915,0.007992298232542884,True,False,0,False,2
2015-07-23,0,0.5217785239219666,-0.0056458576058752,True,False,0,True,2
2015-07-24,0,0.6080668568611145,-0.010426191888768848,True,False,1,False,2
2015-07-27,0,0.5548936128616333,-0.005834326602727022,True,False,1,False,2
2015-07-28,1,0.4337207078933716,0.012208209755053484,True,False,0,False,2
2015-07-29,1,0.5741184949874878,0.006855548966037117,True,False,1,True,2
2015-08-06,0,0.3993079960346222,-0.008221456210205291,True,False,0,True,2
2015-08-10,1,0.36631566286087036,0.012520522679780615,True,False,0,False,2
2015-08-11,0,0.38346126675605774,-0.009064126222849762,True,False,0,True,2
2015-08-17,1,0.5202249884605408,0.005571301686068404,True,False,0,False,2
2015-08-19,0,0.5344534516334534,-0.007936873561101215,True,False,0,True,2
2015-08-20,0,0.5337141156196594,-0.021102463987507057,True,False,0,True,2
2015-08-21,0,0.464539498090744,-0.030564844895498506,True,False,0,True,2
2015-08-24,0,0.5487369298934937,-0.043019060773217356,True,False,1,False,2
2015-08-25,0,0.647738516330719,-0.011837575935620176,True,True,1,False,2
2015-08-26,1,0.5623248219490051,0.03767507232034739,True,True,1,True,2
2015-08-27,1,0.4261592924594879,0.024434189577847116,True,True,0,False,2
2015-08-31,0,0.571692943572998,-0.00811190049770867,True,True,1,False,2
2015-09-01,0,0.520855724811554,-0.03030220476613541,True,True,0,True,2
2015-09-02,1,0.5749183893203735,0.01880317454798349,True,True,1,True,2
2015-09-04,0,0.6622265577316284,-0.015252558886480107,True,True,1,False,2
2015-09-08,1,0.6126753687858582,0.024820496117270316,True,True,1,True,2
2015-09-15,1,0.7123828530311584,0.012421952003654629,True,True,1,True,2
2015-09-18,0,0.492911696434021,-0.021661856460941403,True,True,0,True,2
2015-09-22,0,0.5527358055114746,-0.013064729640802282,True,True,1,False,2
2015-09-28,0,0.4494752585887909,-0.025417592615977622,True,True,0,True,2
2015-09-30,1,0.6628783941268921,0.01848642383981401,True,True,1,True,2
2015-10-02,1,0.5777981281280518,0.014827306906029528,True,False,1,True,2
2015-11-12,0,0.44374242424964905,-0.014058155525712998,True,False,0,True,2
2015-11-13,0,0.5693756341934204,-0.01129180396066122,True,False,1,False,2
2015-11-16,1,0.5368776917457581,0.015092416612007657,True,False,0,False,2
2015-11-18,1,0.5972050428390503,0.015741486470022985,True,False,1,True,2
2015-12-01,1,0.44866207242012024,0.009490450885066217,True,False,0,False,2
2015-12-03,0,0.4924231767654419,-0.014101736427653467,True,False,0,True,2
2015-12-04,1,0.5980793833732605,0.01931517094939084,True,False,1,True,2
2015-12-11,0,0.5893326997756958,-0.01957139224450698,True,False,1,False,2
2015-12-15,1,0.537051260471344,0.010443087190806444,True,False,0,False,2
2015-12-16,1,0.5554994940757751,0.014525990261195328,True,False,1,True,2
2015-12-17,0,0.48192065954208374,-0.015355472214624757,True,False,0,True,2
2015-12-18,0,0.5595082640647888,-0.023909439079209505,True,False,1,False,2
2015-12-23,1,0.6096531748771667,0.012307267310985573,True,False,1,True,2
2015-12-29,1,0.5345982909202576,0.010615388596981797,True,False,0,False,2
2015-12-31,0,0.5902372598648071,-0.010053757792281173,True,False,1,False,2
2016-01-04,0,0.5687580704689026,-0.014078085007925907,True,False,1,False,2
2016-01-06,0,0.6464758515357971,-0.012694424235767466,True,False,1,False,2
2016-01-07,0,0.45754513144493103,-0.02428405608086669,True,False,0,True,2
2016-01-08,0,0.5011175870895386,-0.011037264550851656,True,False,0,True,2
2016-01-12,1,0.646541953086853,0.008035935275933019,True,False,1,True,2
2016-01-13,0,0.47741931676864624,-0.025256914003050034,True,False,0,True,2
2016-01-14,1,0.6364750266075134,0.016283534966571953,True,True,1,True,2
2016-01-15,0,0.5286595225334167,-0.02169988356339567,True,True,0,True,2
2016-01-20,0,0.5237037539482117,-0.012897900120246417,True,True,0,True,2
2016-01-22,1,0.6261425614356995,0.02030769803135791,True,False,1,True,2
2016-01-25,0,0.38614171743392944,-0.015231968150443788,True,True,0,True,2
2016-01-26,1,0.580568790435791,0.013550903858818436,True,True,1,True,2
2016-01-27,0,0.5910163521766663,-0.010942894888797574,True,True,1,False,2
2016-01-29,1,0.4194583296775818,0.024084964269730853,True,True,0,False,2
2016-02-02,0,0.6035479307174683,-0.01818653213249616,True,True,1,False,2
2016-02-05,0,0.3418629765510559,-0.019233943619154967,True,True,0,True,2
2016-02-08,0,0.5209360122680664,-0.013552441469451462,True,True,0,True,2
2016-02-11,0,0.6224306225776672,-0.013093407548559899,True,True,1,False,2
2016-02-12,1,0.4503082036972046,0.02040723728401265,True,True,0,False,2
2016-02-16,1,0.5421786904335022,0.016737426755310383,True,True,1,True,2
2016-02-22,1,0.5096482634544373,0.014375338238185034,True,True,0,False,2
2016-02-25,1,0.5871380567550659,0.01203902175994836,True,True,1,True,2
2016-03-29,1,0.6137874126434326,0.00920757617414379,True,False,1,True,2
2016-04-06,1,0.6207858920097351,0.010861974375772835,True,False,1,True,2
2016-04-07,0,0.43595626950263977,-0.012038068466954956,True,False,0,True,2
2016-04-12,1,0.6960051655769348,0.009269685759992688,True,False,1,True,2
2016-04-13,1,0.4152544438838959,0.010050344745569607,True,False,0,False,2
2016-04-28,0,0.517531156539917,-0.009117189551687043,True,False,0,True,2
2016-05-02,1,0.43996694684028625,0.007917006727903951,True,False,0,False,2
2016-05-03,0,0.5974040627479553,-0.008741260291898584,True,False,1,False,2
2016-05-10,1,0.4762241244316101,0.012357147062368385,True,False,0,False,2
2016-05-11,0,0.45281538367271423,-0.009398777285479427,True,False,0,True,2
2016-05-13,0,0.580360472202301,-0.008752380516923645,True,False,1,False,2
2016-05-16,1,0.5638455152511597,0.00981688549310407,True,False,1,True,2
2016-05-17,0,0.35161077976226807,-0.009377386467228545,True,False,0,True,2
2016-05-24,1,0.5892301201820374,0.012878983047929088,True,False,1,True,2
2016-05-25,1,0.45761069655418396,0.006760201618305196,True,False,0,False,2
2016-06-13,0,0.4873396158218384,-0.007741653686631843,True,False,0,True,2
2016-06-17,0,0.5595383048057556,-0.00891804144940485,True,False,1,False,2
2016-06-20,1,0.5701310038566589,0.006419414364319795,True,False,1,True,2
2016-06-23,1,0.5941747426986694,0.01293847956182914,True,False,1,True,2
2016-06-24,0,0.5713080167770386,-0.0365696685376438,True,False,1,False,2
2016-06-27,0,0.3981856107711792,-0.018072179297399276,True,False,0,True,2
2016-06-28,1,0.4170691668987274,0.01787530622973483,True,False,0,False,2
2016-06-29,1,0.3513788878917694,0.01688424782083095,True,False,0,False,2
2016-06-30,1,0.4499155879020691,0.013553300509066859,True,False,0,False,2
2016-07-05,0,0.5340482592582703,-0.007219186088535558,True,False,0,True,2
2016-07-06,1,0.4397352635860443,0.005979877546764581,True,False,0,False,2
2016-07-08,1,0.35280659794807434,0.014780671622370336,True,False,0,False,2
2016-08-02,0,0.4864678680896759,-0.006427913514755386,True,False,0,True,2
2016-08-05,1,0.49731770157814026,0.008145603052374027,True,False,0,False,2
2016-09-09,0,0.33493131399154663,-0.024225904232664935,True,False,0,True,2
2016-09-12,1,0.4026084542274475,0.014245376567656747,True,False,0,False,2
2016-09-13,0,0.6500372886657715,-0.014479851973302187,True,False,1,False,2
2016-09-15,1,0.5981886982917786,0.009943386171964634,True,False,1,True,2
2016-09-16,0,0.45508068799972534,-0.008911775715804298,True,False,0,True,2
2016-09-21,1,0.615693986415863,0.011182714263452255,True,False,1,True,2
2016-09-22,1,0.4196859896183014,0.006281708192279977,True,False,0,False,2
2016-09-23,0,0.5484817624092102,-0.005494333315913308,True,False,1,False,2
2016-09-26,0,0.525784969329834,-0.008135228165556755,True,False,0,True,2
2016-09-27,1,0.5872265100479126,0.00618880917830181,True,False,1,True,2
2016-09-29,0,0.6955122351646423,-0.009088473714841045,True,False,1,False,2
2016-09-30,1,0.4896549582481384,0.00751783387621049,True,False,0,False,2
2016-10-18,1,0.5851455330848694,0.006242841251259704,True,False,1,True,2
2016-11-01,0,0.6592062711715698,-0.007271769477388027,True,False,1,False,2
2016-11-02,0,0.5936678051948547,-0.006036805088636923,True,False,1,False,2
2016-11-03,0,0.6057264804840088,-0.004587634463296051,True,False,1,False,2
2016-11-07,1,0.5930771827697754,0.021817279300208343,True,False,1,True,2
2016-11-08,1,0.5234494209289551,0.004493789925349073,True,False,0,False,2
2016-11-09,1,0.6212926506996155,0.010546239323610773,True,False,1,True,2
2016-11-17,1,0.42415866255760193,0.0051275595309297475,True,False,0,False,2
2016-11-21,1,0.5608046650886536,0.007523089941767798,True,False,1,True,2
2016-12-05,1,0.5770273804664612,0.005990792838490881,True,False,1,True,2
2016-12-07,1,0.5652574300765991,0.01299596662238256,True,False,1,True,2
2016-12-28,0,0.6189562678337097,-0.008298848896098833,True,False,1,False,2
2017-01-03,1,0.6643531918525696,0.007620897001746236,True,False,1,True,2
2017-01-04,1,0.562750518321991,0.005931566752148794,True,False,1,True,2
2017-01-24,1,0.5209952592849731,0.006391260133969621,True,False,0,False,2
2017-01-25,1,0.42037928104400635,0.008618296722527514,True,False,0,False,2
2017-01-30,0,0.5638386607170105,-0.006220988062862284,True,False,1,False,2
2017-02-03,1,0.4955556094646454,0.006869236012564833,True,False,0,False,2
2017-02-09,1,0.534537136554718,0.005915120656897009,True,False,0,False,2
2017-02-10,1,0.5338760614395142,0.003938411107139749,True,False,0,False,2
2017-03-01,1,0.4675239324569702,0.013900476034819913,True,False,0,False,2
2017-03-14,0,0.510308027267456,-0.003833939850330953,True,False,0,True,2
2017-03-15,1,0.5728214383125305,0.008616226851996199,True,False,1,True,2
2017-03-17,0,0.5373791456222534,-0.006098721201673768,True,False,0,True,2
2017-03-21,0,0.5122379064559937,-0.012922639108276665,True,False,0,True,2
2017-03-28,1,0.6254148483276367,0.00725047829387214,True,False,1,True,2
2017-04-12,0,0.5393391251564026,-0.004391483266076876,True,False,1,False,2
2017-04-13,0,0.4644570052623749,-0.006516095822653078,True,False,0,True,2
2017-04-17,1,0.5580665469169617,0.008820870798886493,True,False,1,True,2
2017-04-20,1,0.5809468626976013,0.008106166241988226,True,False,1,True,2
2017-04-21,0,0.45983701944351196,-0.0031919675206105603,True,False,0,True,2
2017-04-24,1,0.6101462841033936,0.010937881902130022,True,False,1,True,2
2017-04-25,1,0.6439788937568665,0.005801768898692426,True,False,1,True,2
2017-05-05,1,0.5429282784461975,0.003929288415371179,True,False,1,True,2
2017-05-15,1,0.4546114206314087,0.005508306898499835,True,False,0,False,2
2017-05-17,0,0.5270619988441467,-0.017903375551923166,True,False,0,True,2
2017-05-18,1,0.6672861576080322,0.004020390632640581,True,False,1,True,2
2017-05-19,1,0.5909021496772766,0.006483113050925737,True,False,1,True,2
2017-05-22,1,0.507194995880127,0.005064601618306679,True,False,0,False,2
2017-05-25,1,0.6891001462936401,0.004768107829548058,True,False,1,True,2
2017-06-01,1,0.5582495331764221,0.007920825887608271,True,False,1,True,2
2017-07-07,1,0.8735668063163757,0.006464190025662,True,False,1,True,3
2017-08-14,1,0.8661763668060303,0.00986433721640411,True,False,1,True,3
2017-08-22,1,0.935877799987793,0.010402717245512966,True,False,1,True,3
2017-08-30,1,0.9450346827507019,0.0047263601077370794,True,False,1,True,3
2017-09-06,1,0.8631346225738525,0.003407972920508354,True,False,1,True,3
2018-02-05,0,0.9238073825836182,-0.042722279513735646,True,False,1,False,3
2018-02-06,1,0.7650765180587769,0.019510663660577923,True,True,1,True,3
2018-02-07,0,0.298225998878479,-0.005439623715762403,True,True,0,True,3
2018-02-08,0,0.4625229835510254,-0.03823046263704881,True,True,0,True,3
2018-02-09,1,0.6680157780647278,0.014909817475535768,True,True,1,True,3
2018-02-12,1,0.7895590662956238,0.01457772518222007,True,True,1,True,3
2018-02-14,1,0.8248693943023682,0.013405963996401723,True,True,1,True,3
2018-02-15,1,0.19731393456459045,0.012679402008324459,True,True,0,False,3
2018-02-20,0,0.8247671723365784,-0.006280865885799406,True,True,1,False,3
2018-02-23,1,0.7518138289451599,0.015813643085869314,True,True,1,True,3
2018-02-26,1,0.8792401552200317,0.011545350102960344,True,True,1,True,3
2018-02-28,0,0.8179348111152649,-0.01018174210369951,True,True,1,False,3
2018-03-01,0,0.9876493811607361,-0.014647454403250413,True,True,1,False,3
2018-03-05,1,0.8285703063011169,0.011491677564123457,True,True,1,True,3
2018-03-09,1,0.9291906952857971,0.017252680326730694,True,True,1,True,3
2018-03-13,0,0.6676623821258545,-0.006483661588719202,True,False,1,False,3
2018-03-19,0,0.4954991936683655,-0.013622718723915883,True,False,0,True,3
2018-03-22,0,0.631955623626709,-0.025314885505682536,True,False,1,False,3
2018-03-23,0,0.05411021411418915,-0.021545054881122266,True,False,0,True,3
2018-03-26,1,0.20348133146762848,0.026991461654006305,True,False,0,False,3
2018-03-27,0,0.9610181450843811,-0.017158090832078213,True,True,1,False,3
2018-03-29,1,0.39275383949279785,0.01269666927359303,True,True,0,False,3
2018-04-02,0,0.510755181312561,-0.021820975402381346,True,True,0,True,3
2018-04-03,1,0.8121393322944641,0.012735537427426051,True,True,1,True,3
2018-04-04,1,0.9448871612548828,0.010642286151652277,True,True,1,True,3
2018-04-05,1,0.6020656824111938,0.007861027034026642,True,True,1,True,3
2018-04-06,0,0.8055687546730042,-0.022537931476096573,True,True,1,False,3
2018-04-10,1,0.7064236998558044,0.015775273241340624,True,True,1,True,3
2018-04-12,1,0.9058529734611511,0.008193452924804723,True,True,1,True,3
2018-04-16,1,0.6339769959449768,0.008188119499643706,True,True,1,True,3
2018-04-17,1,0.9485967755317688,0.010641624190932739,True,True,1,True,3
2018-04-20,0,0.4554990828037262,-0.008515567039637552,True,True,0,True,3
2018-04-24,0,0.8295853137969971,-0.013558875321530377,True,True,1,False,3
2018-04-26,1,0.9864365458488464,0.010114411105506966,True,False,1,True,3
2018-05-04,1,0.6772793531417847,0.012863350788101215,True,False,1,True,3
2018-05-30,1,0.6907086968421936,0.013256463199218327,True,False,1,True,3
2018-06-25,0,0.3125024139881134,-0.013706339472387726,True,False,0,True,3
2018-06-27,0,0.7291415929794312,-0.008318746370276053,True,False,1,False,3
2018-07-05,1,0.24101383984088898,0.00812486423702682,True,False,0,False,3
2018-07-06,1,0.162814661860466,0.008422663255079442,True,False,0,False,3
2018-07-12,1,0.34423473477363586,0.009025140287613701,True,False,0,False,3
2018-08-15,0,0.9287264943122864,-0.007495421687086555,True,False,1,False,3
2018-10-10,0,0.5664923191070557,-0.032175327738924224,True,False,0,True,3
2018-10-11,0,0.6482823491096497,-0.022272704268319985,True,False,1,False,3
2018-10-12,1,0.45232734084129333,0.013792813721223516,True,False,0,False,3
2018-10-15,0,0.7973043918609619,-0.005632860513300101,True,False,1,False,3
2018-10-16,1,0.5319214463233948,0.021630259784663514,True,False,0,False,3
2018-10-18,0,0.749922513961792,-0.01454642966960099,True,False,1,False,3
2018-10-23,0,0.2995832562446594,-0.005103814901447561,True,False,0,True,3
2018-10-24,0,0.16915565729141235,-0.030767008987836523,True,False,0,True,3
2018-10-25,1,0.7933300137519836,0.017781489427391158,True,True,1,True,3
2018-10-26,0,0.35034894943237305,-0.017743878014358665,True,True,0,True,3
2018-10-30,1,0.550057053565979,0.01470975811483792,True,True,0,False,3
2018-10-31,1,0.562174379825592,0.010624230324527811,True,True,0,False,3
2018-11-01,1,0.945598304271698,0.010585627590690578,True,True,1,True,3
2018-11-02,0,0.17544735968112946,-0.005940593358602918,True,True,0,True,3
2018-11-06,1,0.6671591401100159,0.0063079476191934235,True,True,1,True,3
2018-11-07,1,0.9708064198493958,0.021182942264952046,True,True,1,True,3
2018-11-09,0,0.42054036259651184,-0.009816258332266129,True,True,0,True,3
2018-11-12,0,0.2831641137599945,-0.018861977910483718,True,True,0,True,3
2018-11-14,0,0.6504408717155457,-0.006860150527645864,True,True,1,False,3
2018-11-15,1,0.6144461035728455,0.01038254163095934,True,True,1,True,3
2018-11-19,0,0.8515106439590454,-0.017059178822574482,True,True,1,False,3
2018-11-20,0,0.7821556329727173,-0.01867955357480556,True,True,1,False,3
2018-11-23,0,0.3285415768623352,-0.006701102367690993,True,True,0,True,3
2018-11-26,1,0.6969141364097595,0.016015415321976274,True,True,1,True,3
2018-11-28,1,0.19876821339130402,0.022764226209489338,True,True,0,False,3
2018-12-03,1,0.8782878518104553,0.01315450635189911,True,True,1,True,3
2018-12-07,0,0.23694993555545807,-0.023510162043045117,True,True,0,True,3
2018-12-14,0,0.12456323206424713,-0.018637364083155077,True,True,0,True,3
2018-12-17,0,0.15399132668972015,-0.019813379448779447,True,True,0,True,3
2018-12-19,0,0.7571420073509216,-0.015088990911623237,True,True,1,False,3
2018-12-20,0,0.5928135514259338,-0.016411886126272028,True,True,1,False,3
2018-12-21,0,0.8079900145530701,-0.02652501947718206,True,True,1,False,3
2018-12-24,0,0.7286815643310547,-0.026778295497672407,True,True,1,False,3
2018-12-26,1,0.9710044264793396,0.049289909317996004,True,True,1,True,3
2019-01-03,0,0.7611497044563293,-0.024152091139486728,True,True,1,False,3
2019-01-04,1,0.08621163666248322,0.03294696944123263,True,True,0,False,3
2019-01-15,1,0.6372553706169128,0.011395631602565357,True,True,1,True,3
2019-03-11,1,0.8790757656097412,0.014397105360716386,True,False,1,True,3
2019-05-03,1,0.36615511775016785,0.009740191305968461,True,False,0,False,3
2019-05-07,0,0.2369588315486908,-0.016840741177932043,True,False,0,True,3
2019-05-13,0,0.29558470845222473,-0.02545139089151207,True,False,0,True,3
2019-05-14,1,0.3022754192352295,0.0090030333354504,True,False,0,False,3
2019-05-15,1,0.8298294544219971,0.0058403701425228565,True,False,1,True,3
2019-05-16,1,0.5917109847068787,0.009218637124873778,True,False,1,True,3
2019-05-17,0,0.7243243455886841,-0.006486112083815541,True,False,1,False,3
2019-05-20,0,0.6970142722129822,-0.006633991589894881,True,False,1,False,3
2019-05-21,1,0.1707007884979248,0.008975264330872007,True,False,0,False,3
2019-05-23,0,0.5651612281799316,-0.012293830495202978,True,False,0,True,3
2019-05-28,0,0.9308972358703613,-0.009344053622205415,True,False,1,False,3
2019-05-29,0,0.8722105622291565,-0.006733326325221417,True,False,1,False,3
2019-05-31,0,0.5606351494789124,-0.013566904278608705,True,False,0,True,3
2019-06-04,1,0.6220897436141968,0.021474402541057206,True,False,1,True,3
2019-06-05,1,0.5871457457542419,0.00862484793483843,True,False,1,True,3
2019-06-07,1,0.33091092109680176,0.009957305414700513,True,False,0,False,3
2019-07-23,1,0.7467101812362671,0.007124626357165882,True,False,1,True,3
2019-08-01,0,0.9904630780220032,-0.008746054656595139,True,False,1,False,3
2019-08-02,0,0.7864879965782166,-0.007558001636935497,True,False,1,False,3
2019-08-05,0,0.3978576958179474,-0.030534562051236183,True,False,0,True,3
2019-08-06,1,0.4892531931400299,0.013925491826036846,True,False,0,False,3
2019-08-08,1,0.2909111976623535,0.019430085399064805,True,False,0,False,3
2019-08-09,0,0.5125424265861511,-0.006834829537225516,True,False,0,True,3
2019-08-12,0,0.6481046676635742,-0.012248036560968258,True,False,1,False,3
2019-08-13,1,0.8229499459266663,0.01543201892451634,True,False,1,True,3
2019-08-14,0,0.571579098701477,-0.030013508527833754,True,False,1,False,3
2019-08-16,1,0.36841779947280884,0.014647209402758953,True,True,0,False,3
2019-08-19,1,0.2593834102153778,0.011975711839357873,True,True,0,False,3
2019-08-20,0,0.7531846761703491,-0.0076920481599652675,True,True,1,False,3
2019-08-21,1,0.9566077589988708,0.008102546592543804,True,True,1,True,3
2019-08-23,0,0.8218158483505249,-0.026023122154553956,True,True,1,False,3
2019-08-26,1,0.7897181510925293,0.01099773278241975,True,True,1,True,3
2019-08-28,1,0.6795729994773865,0.007016909077711493,True,True,1,True,3
2019-08-29,1,0.8700544238090515,0.01269204412996975,True,True,1,True,3
2019-09-04,1,0.527782142162323,0.011286478156974084,True,True,0,False,3
2019-09-05,1,0.44534578919410706,0.012773460188535899,True,True,0,False,3
2019-09-11,1,0.3351530134677887,0.007085811591525636,True,True,0,False,3
2019-09-24,0,0.43736380338668823,-0.007877755495086642,True,False,0,True,3
2019-10-01,0,0.2129410207271576,-0.011966037944808815,True,False,0,True,3
2019-10-02,0,0.14652208983898163,-0.01782256975732099,True,False,0,True,3
2019-10-03,1,0.735066294670105,0.008159414042596264,True,False,1,True,3
2019-10-04,1,0.6850723624229431,0.013441358871681356,True,False,1,True,3
2019-10-08,0,0.9232444167137146,-0.01564650102944047,True,False,1,False,3
2019-10-09,1,0.8588866591453552,0.009451571885068203,True,False,1,True,3
2019-10-10,1,0.5923380851745605,0.00674071872143132,True,False,1,True,3
2019-10-11,1,0.8019263744354248,0.010313595972103153,True,False,1,True,3
2019-10-15,1,0.41126805543899536,0.009851608993839914,True,False,0,False,3
2020-01-28,1,0.7506677508354187,0.01042465373821599,True,False,1,True,3
2020-01-31,0,0.11003349721431732,-0.018324781429623002,True,False,0,True,3
2020-02-03,1,0.7409567832946777,0.007401083897971815,True,False,1,True,3
2020-02-04,1,0.10692241042852402,0.015126295011474384,True,False,0,False,3
2020-02-05,1,0.052279870957136154,0.011481839611606393,True,False,0,False,3
2020-02-24,0,0.967979907989502,-0.03372784139233276,True,False,1,False,3
2020-02-25,0,0.3202991485595703,-0.030770750603140915,True,True,0,True,3
2020-02-27,0,0.7111871242523193,-0.04595146753683802,True,True,1,False,3
2020-03-02,1,0.6855061054229736,0.04239500466012263,True,True,1,True,3
2020-03-03,0,0.8067055344581604,-0.02905036247634815,True,True,1,False,3
2020-03-04,1,0.8644607663154602,0.04117363701185871,True,True,1,True,3
2020-03-06,0,0.141429141163826,-0.016669275633020057,True,True,0,True,3
2020-03-09,0,0.11354061961174011,-0.08131252304186744,True,True,0,True,3
2020-03-10,1,0.8454809188842773,0.050450587293811376,True,True,1,True,3
2020-03-11,0,0.5474095344543457,-0.04997673845028892,True,True,0,True,3
2020-03-12,0,0.3063966929912567,-0.10056886056624313,True,True,0,True,3
2020-03-13,1,0.2334107607603073,0.08202809219873311,True,True,0,False,3
2020-03-16,0,0.4954585134983063,-0.11588653747701536,True,True,0,True,3
2020-03-17,1,0.9799997806549072,0.05258492094923695,True,True,1,True,3
2020-03-18,0,0.33618196845054626,-0.05195975100253782,True,True,0,True,3
2020-03-20,0,0.7936450839042664,-0.04991337303957533,True,True,1,False,3
2020-03-23,0,0.4020155966281891,-0.025900755458341244,True,True,0,True,3
2020-03-24,1,0.8336176872253418,0.08673099436253733,True,True,1,True,3
2020-03-26,1,0.2431909143924713,0.05674869876971943,True,True,0,False,3
2020-03-30,1,0.5139179825782776,0.031959525345806684,True,True,0,False,3
2020-04-01,0,0.27779948711395264,-0.04604904148877963,True,True,0,True,3
2020-04-02,1,0.19318337738513947,0.022813182552417124,True,True,0,False,3
2020-04-06,1,0.45170947909355164,0.06500673748543066,True,True,0,False,3
2020-04-08,1,0.6064382195472717,0.033017294838593204,True,True,1,True,3
2020-04-17,1,0.09902477264404297,0.026656961689813345,True,True,0,False,3
2020-04-21,0,0.06518831104040146,-0.030833763390650033,True,True,0,True,3
2020-04-22,1,0.31168124079704285,0.021951826516892335,True,True,0,False,3
2020-05-18,1,0.5380507111549377,0.03000500773344127,True,True,0,False,3
2020-06-26,0,0.27040690183639526,-0.024038096459339246,True,True,0,True,3
2020-09-08,0,0.2712266743183136,-0.027703141558992693,True,False,0,True,3
2020-09-09,1,0.5172457695007324,0.019554908673632087,True,True,0,False,3
2020-09-10,0,0.46825581789016724,-0.017516163589897774,True,True,0,True,3
2020-09-14,1,0.4746131896972656,0.013085281479949857,True,True,0,False,3
2020-09-17,0,0.35358741879463196,-0.008834169361647914,True,True,0,True,3
2020-09-18,0,0.4782821536064148,-0.015574449506466947,True,True,0,True,3
