candidate_name,groups,group_count,feature_count,training_rows,training_start,training_end,stage1_roc_auc,matched_base_roc_auc,delta_roc_auc_vs_matched_base,stage1_roc_auc_fold_std,stage1_balanced_accuracy,stage1_flat_precision,stage1_flat_recall,stage1_flat_f1,matched_base_flat_f1,delta_flat_f1_vs_matched_base,stage1_move_f1,stage1_brier_score
futures_core+futures_smallcap+rates_credit+technical_dynamics+volatility_options_short,futures_core|futures_smallcap|rates_credit|technical_dynamics|volatility_options_short,5,82,824,2017-07-18,2020-10-26,0.6238398820366035,0.528178940064186,0.09566094197241748,0.04013243977320899,0.610655737704918,0.5526315789473685,0.5,0.525,0.4484848484848485,0.07651515151515154,0.6984126984126984,0.2445279159051646
futures_core+futures_smallcap,futures_core|futures_smallcap,2,39,824,2017-07-18,2020-10-26,0.5984799202012316,0.528178940064186,0.07030098013704567,0.011562422056715167,0.5814467863648192,0.49814126394052044,0.5317460317460317,0.5143953934740882,0.4484848484848485,0.06591054498923976,0.6461538461538462,0.24357644034369166
breadth+futures_smallcap+technical_dynamics+trend_direction,breadth|futures_smallcap|technical_dynamics|trend_direction,4,83,824,2017-07-18,2020-10-26,0.5964524243212768,0.528178940064186,0.06827348425709079,0.02419645100092333,0.5739005984907624,0.496,0.49206349206349204,0.4940239043824701,0.4484848484848485,0.04553905589762164,0.6539509536784741,0.24295735726909506
calendar+futures_smallcap+interaction_consensus+rates_credit,calendar|futures_smallcap|interaction_consensus|rates_credit,4,66,824,2017-07-18,2020-10-26,0.5943273484257091,0.528178940064186,0.06614840836152314,0.05046150618296728,0.578064012490242,0.4864864864864865,0.5714285714285714,0.5255474452554745,0.4484848484848485,0.07706259677062599,0.622093023255814,0.2492708601434292
futures_core+futures_smallcap+technical_dynamics+volatility_options_short,futures_core|futures_smallcap|technical_dynamics|volatility_options_short,4,66,824,2017-07-18,2020-10-26,0.585490935900772,0.528178940064186,0.05731199583658597,0.03297210863723063,0.5765677855841791,0.5226130653266332,0.4126984126984127,0.4611973392461197,0.4484848484848485,0.012712490761271233,0.6904458598726114,0.2534989991343202
equity_rotation+futures_smallcap+interaction_consensus+rates_credit,equity_rotation|futures_smallcap|interaction_consensus|rates_credit,4,67,824,2017-07-18,2020-10-26,0.5854692514528581,0.528178940064186,0.05729031138867213,0.008866523750694766,0.5857403070517824,0.49032258064516127,0.6031746031746031,0.5409252669039146,0.4484848484848485,0.09244041841906614,0.6172106824925816,0.2548191676237164
breadth+calendar+equity_rotation+flat_regime_state+futures_core+futures_smallcap+interaction_consensus+macro_cross_asset+rates_credit+technical_dynamics+trend_direction+volatility_options_core+volatility_options_short,breadth|calendar|equity_rotation|flat_regime_state|futures_core|futures_smallcap|interaction_consensus|macro_cross_asset|rates_credit|technical_dynamics|trend_direction|volatility_options_core|volatility_options_short,13,201,746,2017-07-18,2020-10-26,0.5731658692185008,0.517278043593833,0.055887825624667764,0.028611151174560236,0.5667862838915471,0.4951923076923077,0.4517543859649123,0.4724770642201835,0.4391304347826087,0.03334662943757477,0.6617647058823529,0.2551703656518831
breadth+futures_core+futures_smallcap+interaction_consensus+trend_direction,breadth|futures_core|futures_smallcap|interaction_consensus|trend_direction,5,84,824,2017-07-18,2020-10-26,0.5839188134270101,0.528178940064186,0.055739873362824155,0.06033149783585284,0.5707455113192819,0.518324607329843,0.39285714285714285,0.4469525959367946,0.4484848484848485,-0.0015322525480538918,0.691046658259773,0.24418767234690816
futures_smallcap+interaction_consensus+rates_credit+technical_dynamics+volatility_options_short,futures_smallcap|interaction_consensus|rates_credit|technical_dynamics|volatility_options_short,5,84,824,2017-07-18,2020-10-26,0.5828671177031832,0.528178940064186,0.05468817763899725,0.049441791492065554,0.5822924798334634,0.4930555555555556,0.5634920634920635,0.5259259259259259,0.4484848484848485,0.07744107744107742,0.632183908045977,0.2556646219079791
futures_smallcap+interaction_consensus+rates_credit+technical_dynamics,futures_smallcap|interaction_consensus|rates_credit|technical_dynamics,4,78,824,2017-07-18,2020-10-26,0.5823358487292913,0.528178940064186,0.05415690866510536,0.02638215327643145,0.5609224564142596,0.4951923076923077,0.4087301587301587,0.44782608695652176,0.4484848484848485,-0.0006587615283267234,0.6726804123711341,0.2486871932924249
futures_smallcap+interaction_consensus+rates_credit+technical_dynamics+volatility_options_core,futures_smallcap|interaction_consensus|rates_credit|technical_dynamics|volatility_options_core,5,92,786,2017-07-18,2020-10-26,0.6033150503284914,0.5495268519076608,0.0537881984208306,0.02813346486568421,0.5988487734313785,0.503731343283582,0.574468085106383,0.536779324055666,0.4612159329140461,0.07556339114161986,0.6537890044576523,0.25903218192277283
equity_rotation+futures_core+futures_smallcap+volatility_options_short,equity_rotation|futures_core|futures_smallcap|volatility_options_short,4,55,824,2017-07-18,2020-10-26,0.5815768930523029,0.528178940064186,0.05339795298811689,0.01971674578631535,0.6046057767369243,0.5098039215686274,0.6190476190476191,0.5591397849462365,0.4484848484848485,0.11065493646138802,0.6371681415929203,0.2530117217602069
futures_core+futures_smallcap+interaction_consensus+trend_direction,futures_core|futures_smallcap|interaction_consensus|trend_direction,4,69,824,2017-07-18,2020-10-26,0.5762208344175558,0.528178940064186,0.04804189435336981,0.022891610422943357,0.5593611761644548,0.47388059701492535,0.503968253968254,0.48846153846153845,0.4484848484848485,0.03997668997668996,0.6284916201117319,0.24637797006393608
equity_rotation+futures_smallcap+interaction_consensus+trend_direction,equity_rotation|futures_smallcap|interaction_consensus|trend_direction,4,69,824,2017-07-18,2020-10-26,0.5750607164541591,0.528178940064186,0.04688177638997315,0.03648402265151964,0.5524004683840749,0.49714285714285716,0.34523809523809523,0.40749414519906324,0.4484848484848485,-0.040990703285785246,0.6872682323856613,0.24587026976993692
equity_rotation+futures_smallcap,equity_rotation|futures_smallcap,2,39,824,2017-07-18,2020-10-26,0.5733151183970857,0.528178940064186,0.045136178332899735,0.01892907384904278,0.5668423106947698,0.49159663865546216,0.4642857142857143,0.4775510204081633,0.4484848484848485,0.029066171923314787,0.6568364611260054,0.24866365807705268
futures_smallcap+interaction_consensus+trend_direction+volatility_options_core,futures_smallcap|interaction_consensus|trend_direction|volatility_options_core,4,73,786,2017-07-18,2020-10-26,0.594153456693388,0.5495268519076608,0.04462660478572722,0.026582355724455047,0.5796938098969321,0.4881889763779528,0.5276595744680851,0.5071574642126789,0.4612159329140461,0.04594153129863282,0.6491994177583698,0.2579103079698073
breadth+equity_rotation+futures_smallcap+rates_credit,breadth|equity_rotation|futures_smallcap|rates_credit,4,70,824,2017-07-18,2020-10-26,0.5727296383034088,0.528178940064186,0.04455069823922286,0.017751787329840053,0.5627114233671611,0.47761194029850745,0.5079365079365079,0.49230769230769234,0.4484848484848485,0.04382284382284385,0.6312849162011173,0.2558797543444931
breadth+futures_smallcap+macro_cross_asset+technical_dynamics+trend_direction,breadth|futures_smallcap|macro_cross_asset|technical_dynamics|trend_direction,5,91,820,2017-07-18,2020-10-26,0.5790465753424658,0.5347506849315069,0.04429589041095894,0.04195332663010456,0.5741095890410959,0.4856115107913669,0.54,0.5113636363636364,0.45,0.06136363636363634,0.6324786324786325,0.2690619700310647
calendar+futures_smallcap+interaction_consensus+rates_credit+technical_dynamics,calendar|futures_smallcap|interaction_consensus|rates_credit|technical_dynamics,5,87,824,2017-07-18,2020-10-26,0.5721224737618181,0.528178940064186,0.04394353369763215,0.03887946847006938,0.5613778298204528,0.4608695652173913,0.6309523809523809,0.5326633165829145,0.4484848484848485,0.08417846809806606,0.5633802816901409,0.25605413581395947
calendar+futures_smallcap+technical_dynamics+volatility_options_short,calendar|futures_smallcap|technical_dynamics|volatility_options_short,4,65,824,2017-07-18,2020-10-26,0.5719923670743343,0.528178940064186,0.04381342701014834,0.013324842416500633,0.5629716367421286,0.4806201550387597,0.49206349206349204,0.48627450980392156,0.4484848484848485,0.037789661319073076,0.6391184573002755,0.25252090335974664
futures_smallcap+technical_dynamics+volatility_options_short,futures_smallcap|technical_dynamics|volatility_options_short,3,56,824,2017-07-18,2020-10-26,0.5719273137305924,0.528178940064186,0.04374837366640638,0.02517607567645345,0.5596213895394223,0.47674418604651164,0.4880952380952381,0.4823529411764706,0.4484848484848485,0.03386809269162211,0.6363636363636364,0.2474730946527053
breadth+futures_smallcap+technical_dynamics+volatility_options_core,breadth|futures_smallcap|technical_dynamics|volatility_options_core,4,79,786,2017-07-18,2020-10-26,0.5928274365619914,0.5495268519076608,0.04330058465433062,0.02370667816772503,0.56762099933699,0.4808510638297872,0.4808510638297872,0.4808510638297872,0.4612159329140461,0.019635130915741095,0.6543909348441926,0.26172282542090136
breadth+futures_smallcap+technical_dynamics+trend_direction+volatility_options_core,breadth|futures_smallcap|technical_dynamics|trend_direction|volatility_options_core,5,97,786,2017-07-18,2020-10-26,0.5917063468145379,0.5495268519076608,0.04217949490687711,0.04633294709550806,0.5925260683503104,0.48253968253968255,0.6468085106382979,0.5527272727272727,0.4612159329140461,0.09151133981322662,0.6070287539936102,0.26016042631240266
equity_rotation+futures_smallcap+rates_credit,equity_rotation|futures_smallcap|rates_credit,3,55,824,2017-07-18,2020-10-26,0.5695962355798421,0.528178940064186,0.041417295515656094,0.030845123998229692,0.5694444444444444,0.4680232558139535,0.6388888888888888,0.540268456375839,0.4484848484848485,0.09178360789099049,0.571875,0.25201102596248276
futures_smallcap+interaction_consensus+rates_credit+technical_dynamics+trend_direction,futures_smallcap|interaction_consensus|rates_credit|technical_dynamics|trend_direction,5,96,824,2017-07-18,2020-10-26,0.5673952641165756,0.528178940064186,0.03921632405238962,0.019494330914938737,0.5664519906323185,0.48616600790513836,0.4880952380952381,0.4871287128712871,0.4484848484848485,0.03864386438643863,0.6456908344733242,0.25284312947437426
breadth+equity_rotation+futures_smallcap+interaction_consensus+rates_credit,breadth|equity_rotation|futures_smallcap|interaction_consensus|rates_credit,5,82,824,2017-07-18,2020-10-26,0.5669398907103825,0.528178940064186,0.03876095064619656,0.026760436825427645,0.5555230288836847,0.47126436781609193,0.4880952380952381,0.47953216374269003,0.4484848484848485,0.031047315257841546,0.6307053941908713,0.2525241011880613
futures_smallcap+rates_credit+technical_dynamics+trend_direction,futures_smallcap|rates_credit|technical_dynamics|trend_direction,4,84,824,2017-07-18,2020-10-26,0.5664628328562755,0.528178940064186,0.03828389279208955,0.059310105114433694,0.5595238095238095,0.4830508474576271,0.4523809523809524,0.4672131147540984,0.4484848484848485,0.018728266269249894,0.6524064171122995,0.2461402915251954
breadth+futures_smallcap+macro_cross_asset+technical_dynamics,breadth|futures_smallcap|macro_cross_asset|technical_dynamics,4,73,820,2017-07-18,2020-10-26,0.5729315068493152,0.5347506849315069,0.03818082191780825,0.012695856908794,0.5581917808219179,0.46464646464646464,0.552,0.5045703839122486,0.45,0.05457038391224861,0.6032210834553441,0.25816689494611633
equity_rotation+futures_smallcap+interaction_consensus+rates_credit+volatility_options_core,equity_rotation|futures_smallcap|interaction_consensus|rates_credit|volatility_options_core,5,81,786,2017-07-18,2020-10-26,0.5874148634802002,0.5495268519076608,0.037888011572539404,0.04496972315090449,0.5683925019588933,0.46689895470383275,0.5702127659574469,0.5134099616858238,0.4612159329140461,0.052194028771777645,0.6116207951070336,0.25593340198386694
futures_smallcap+interaction_consensus,futures_smallcap|interaction_consensus,2,41,824,2017-07-18,2020-10-26,0.5658231416428139,0.528178940064186,0.03764420157862791,0.02660968403384847,0.5644678636481916,0.48412698412698413,0.48412698412698413,0.48412698412698413,0.4484848484848485,0.03564213564213564,0.644808743169399,0.26096629745064964
futures_smallcap+rates_credit+technical_dynamics,futures_smallcap|rates_credit|technical_dynamics,3,66,824,2017-07-18,2020-10-26,0.565747246075115,0.528178940064186,0.037568306010928976,0.04927157710688399,0.5748763986468906,0.49242424242424243,0.5158730158730159,0.5038759689922481,0.4484848484848485,0.05539112050739958,0.6444444444444445,0.2597789922709498
calendar+futures_smallcap+interaction_consensus+rates_credit+trend_direction,calendar|futures_smallcap|interaction_consensus|rates_credit|trend_direction,5,84,824,2017-07-18,2020-10-26,0.5653460837887068,0.528178940064186,0.03716714372452079,0.06306532442785698,0.5534413218839448,0.47478991596638653,0.44841269841269843,0.46122448979591835,0.4484848484848485,0.01273964131106986,0.646112600536193,0.25202176628038836
futures_smallcap+interaction_consensus+macro_cross_asset+rates_credit+technical_dynamics,futures_smallcap|interaction_consensus|macro_cross_asset|rates_credit|technical_dynamics,5,86,820,2017-07-18,2020-10-26,0.571890410958904,0.5347506849315069,0.037139726027397124,0.01980896211056734,0.5625205479452056,0.47183098591549294,0.536,0.50187265917603,0.45,0.051872659176029956,0.617816091954023,0.2569037502243285
futures_core+futures_smallcap+technical_dynamics+trend_direction+volatility_options_short,futures_core|futures_smallcap|technical_dynamics|trend_direction|volatility_options_short,5,84,824,2017-07-18,2020-10-26,0.5650425015179114,0.528178940064186,0.03686356145372538,0.037199845237108155,0.5734126984126984,0.49794238683127573,0.4801587301587302,0.4888888888888889,0.4484848484848485,0.04040404040404039,0.6585695006747638,0.2601172551159738
equity_rotation+flat_regime_state+futures_core+futures_smallcap,equity_rotation|flat_regime_state|futures_core|futures_smallcap,4,82,782,2017-07-18,2020-10-26,0.5731151964918199,0.5366479531600126,0.036467243331807286,0.04158824067319892,0.5717538491193408,0.5503355704697986,0.33884297520661155,0.4194373401534527,0.4826254826254826,-0.06318814247202992,0.7086007702182285,0.25372656368994617
breadth+futures_smallcap+interaction_consensus+rates_credit,breadth|futures_smallcap|interaction_consensus|rates_credit,4,72,824,2017-07-18,2020-10-26,0.5644028103044496,0.528178940064186,0.036223870240263634,0.06579738442712053,0.5729898516783762,0.4842105263157895,0.5476190476190477,0.5139664804469274,0.4484848484848485,0.0654816319620789,0.6266094420600858,0.25465589301512775
calendar+futures_smallcap+interaction_consensus+trend_direction,calendar|futures_smallcap|interaction_consensus|trend_direction,4,68,824,2017-07-18,2020-10-26,0.5641100702576112,0.528178940064186,0.0359311301934252,0.057598508418569935,0.5549375487900078,0.47844827586206895,0.44047619047619047,0.45867768595041325,0.4484848484848485,0.010192837465564764,0.651595744680851,0.2640501217280838
breadth+calendar+futures_smallcap+technical_dynamics+trend_direction,breadth|calendar|futures_smallcap|technical_dynamics|trend_direction,5,92,824,2017-07-18,2020-10-26,0.5640775435857402,0.528178940064186,0.03589860352155427,0.08149192423902947,0.560271922976841,0.46130952380952384,0.6150793650793651,0.5272108843537415,0.4484848484848485,0.07872603586889304,0.5709876543209876,0.25690579791193574
futures_smallcap+interaction_consensus+rates_credit,futures_smallcap|interaction_consensus|rates_credit,3,57,824,2017-07-18,2020-10-26,0.5635029057160206,0.528178940064186,0.0353239656518346,0.04392780437385245,0.562809003382774,0.5080213903743316,0.376984126984127,0.4328018223234624,0.4484848484848485,-0.01568302616138606,0.6875784190715182,0.25350042053145017
flat_regime_state+futures_core+futures_smallcap+technical_dynamics+volatility_options_short,flat_regime_state|futures_core|futures_smallcap|technical_dynamics|volatility_options_short,5,99,782,2017-07-18,2020-10-26,0.5718261330506228,0.5366479531600126,0.03517817989061023,0.03189014800749518,0.562814736284124,0.4782608695652174,0.5454545454545454,0.5096525096525096,0.4826254826254826,0.02702702702702703,0.6104294478527608,0.25111487407430233
futures_core+futures_smallcap+interaction_consensus+rates_credit+technical_dynamics,futures_core|futures_smallcap|interaction_consensus|rates_credit|technical_dynamics,5,88,824,2017-07-18,2020-10-26,0.5633077456847948,0.528178940064186,0.03512880562060883,0.06340745868780229,0.570647931303669,0.4852941176470588,0.5238095238095238,0.5038167938931297,0.4484848484848485,0.055331945408281236,0.6348314606741573,0.25438072821955005
equity_rotation+futures_core+futures_smallcap,equity_rotation|futures_core|futures_smallcap,3,49,824,2017-07-18,2020-10-26,0.5631125856535693,0.528178940064186,0.03493364558938328,0.035192359881767006,0.5547749154306532,0.5093167701863354,0.3253968253968254,0.39709443099273606,0.4484848484848485,-0.05139041749211243,0.6974483596597812,0.2555534920927205
futures_smallcap+interaction_consensus+technical_dynamics+volatility_options_short,futures_smallcap|interaction_consensus|technical_dynamics|volatility_options_short,4,68,824,2017-07-18,2020-10-26,0.5628740567265157,0.528178940064186,0.03469511666232972,0.005137502491635086,0.5501236013531096,0.4554140127388535,0.5674603174603174,0.5053003533568905,0.4484848484848485,0.05681550487204201,0.582089552238806,0.25814503776931297
futures_smallcap+interaction_consensus+trend_direction,futures_smallcap|interaction_consensus|trend_direction,3,59,824,2017-07-18,2020-10-26,0.5627114233671611,0.528178940064186,0.03453248330297509,0.08416762777509001,0.5571168358053604,0.4693140794223827,0.5158730158730159,0.4914933837429111,0.4484848484848485,0.04300853525806264,0.6195190947666195,0.26639991261148405
equity_rotation+flat_regime_state+futures_smallcap,equity_rotation|flat_regime_state|futures_smallcap,3,72,782,2017-07-18,2020-10-26,0.5705370696094259,0.5366479531600126,0.03388911644941328,0.04109979787922204,0.5613449630147218,0.4838709677419355,0.49586776859504134,0.4897959183673469,0.4826254826254826,0.007170435741864323,0.6323529411764706,0.25638279443783557
calendar+futures_core+futures_smallcap+technical_dynamics+volatility_options_short,calendar|futures_core|futures_smallcap|technical_dynamics|volatility_options_short,5,75,824,2017-07-18,2020-10-26,0.5613995142683668,0.528178940064186,0.033220574204180786,0.06187021449756568,0.5662893572729638,0.5164835164835165,0.373015873015873,0.43317972350230416,0.4484848484848485,-0.015305124982544327,0.6932668329177057,0.25684456926634747
breadth+futures_smallcap+technical_dynamics,breadth|futures_smallcap|technical_dynamics,3,65,824,2017-07-18,2020-10-26,0.560759823054905,0.528178940064186,0.03258088299071904,0.05112460794007526,0.5699648711943794,0.4722222222222222,0.6071428571428571,0.53125,0.4484848484848485,0.08276515151515151,0.5909090909090909,0.25633843554658864
calendar+futures_smallcap+trend_direction,calendar|futures_smallcap|trend_direction,3,56,824,2017-07-18,2020-10-26,0.560304449648712,0.528178940064186,0.03212550958452598,0.07246720727385898,0.5496031746031746,0.45209580838323354,0.5992063492063492,0.515358361774744,0.4484848484848485,0.06687351328989555,0.563076923076923,0.25676367910714903
equity_rotation+futures_smallcap+interaction_consensus+rates_credit+technical_dynamics,equity_rotation|futures_smallcap|interaction_consensus|rates_credit|technical_dynamics,5,88,824,2017-07-18,2020-10-26,0.5599032873623038,0.528178940064186,0.031724347298117794,0.05903952030786802,0.5637197501951601,0.46089385474860334,0.6547619047619048,0.5409836065573771,0.4484848484848485,0.09249875807252861,0.5527156549520766,0.2538551045518952
breadth+calendar+futures_smallcap,breadth|calendar|futures_smallcap,3,53,824,2017-07-18,2020-10-26,0.5595888628675514,0.528178940064186,0.03140992280336541,0.0444479453831597,0.5436833203226645,0.472636815920398,0.376984126984127,0.4194260485651214,0.4484848484848485,-0.029058799919727096,0.6641123882503193,0.2528738200034079
breadth+futures_core+futures_smallcap+technical_dynamics+volatility_options_short,breadth|futures_core|futures_smallcap|technical_dynamics|volatility_options_short,5,81,824,2017-07-18,2020-10-26,0.5594804406279816,0.528178940064186,0.03130150056379566,0.048059026720349604,0.5478792609940151,0.4727272727272727,0.4126984126984127,0.4406779661016949,0.4484848484848485,-0.007806882383153579,0.6544502617801047,0.2545627099716224
futures_core+futures_smallcap+interaction_consensus+rates_credit,futures_core|futures_smallcap|interaction_consensus|rates_credit,4,67,824,2017-07-18,2020-10-26,0.5591551739092722,0.528178940064186,0.030976233845086187,0.03330433057872289,0.5481069476971117,0.46835443037974683,0.44047619047619047,0.4539877300613497,0.4484848484848485,0.005502881576501195,0.642570281124498,0.26269203107230565
flat_regime_state+futures_smallcap+interaction_consensus+rates_credit,flat_regime_state|futures_smallcap|interaction_consensus|rates_credit,4,90,782,2017-07-18,2020-10-26,0.5674890971736982,0.5366479531600126,0.03084114401368565,0.026746769672499365,0.5602305857407899,0.5,0.4090909090909091,0.45,0.4826254826254826,-0.032625482625482594,0.6684931506849315,0.258398629399982
futures_smallcap+technical_dynamics,futures_smallcap|technical_dynamics,2,50,824,2017-07-18,2020-10-26,0.5581251626333593,0.528178940064186,0.029946222569173342,0.041389242042619095,0.5582552693208431,0.4749034749034749,0.4880952380952381,0.48140900195694714,0.4484848484848485,0.03292415347209865,0.6344827586206897,0.24962724426045227
calendar+futures_smallcap,calendar|futures_smallcap,2,38,824,2017-07-18,2020-10-26,0.55779989591465,0.528178940064186,0.02962095585046398,0.03990043649447181,0.5552953421805881,0.47540983606557374,0.4603174603174603,0.46774193548387094,0.4484848484848485,0.019257086999022455,0.6432432432432432,0.26450254403901724
calendar+flat_regime_state+futures_smallcap,calendar|flat_regime_state|futures_smallcap,3,71,782,2017-07-18,2020-10-26,0.5660193239042961,0.5366479531600126,0.02937137074428353,0.024011954689311842,0.5507613907428379,0.4794520547945205,0.43388429752066116,0.455531453362256,0.4826254826254826,-0.027094029263226627,0.6459802538787024,0.25631144552928586
equity_rotation+flat_regime_state+futures_smallcap+rates_credit,equity_rotation|flat_regime_state|futures_smallcap|rates_credit,4,88,782,2017-07-18,2020-10-26,0.5656819988916464,0.5366479531600126,0.029034045731633817,0.03428710139023155,0.5717779437631014,0.5120772946859904,0.4380165289256198,0.47216035634743875,0.4826254826254826,-0.010465126278043857,0.6712898751733704,0.25510096004341004
breadth+flat_regime_state+futures_smallcap+technical_dynamics,breadth|flat_regime_state|futures_smallcap|technical_dynamics,4,98,782,2017-07-18,2020-10-26,0.5656579042478858,0.5366479531600126,0.029009951087873187,0.0356657313893009,0.5594294388357468,0.4668769716088328,0.6115702479338843,0.5295169946332737,0.4826254826254826,0.046891512007791125,0.5695581014729951,0.25548264528044445
futures_smallcap+technical_dynamics+volatility_options_core+volatility_options_short,futures_smallcap|technical_dynamics|volatility_options_core|volatility_options_short,4,70,786,2017-07-18,2020-10-26,0.5778072448918089,0.5495268519076608,0.028280392984148084,0.0453843196098714,0.5740642517027303,0.4722222222222222,0.5787234042553191,0.5200764818355641,0.4612159329140461,0.058860548921517986,0.6156202143950995,0.24935871435999493
calendar+futures_smallcap+macro_cross_asset,calendar|futures_smallcap|macro_cross_asset,3,46,820,2017-07-18,2020-10-26,0.5626520547945206,0.5347506849315069,0.027901369863013725,0.021880012014368077,0.5701369863013699,0.46321525885558584,0.68,0.5510534846029174,0.45,0.10105348460291735,0.5481239804241436,0.26281911598035623
calendar+futures_smallcap+rates_credit,calendar|futures_smallcap|rates_credit,3,54,824,2017-07-18,2020-10-26,0.5557290311388672,0.528178940064186,0.027550091074681204,0.06278046986604477,0.539487379651314,0.44912280701754387,0.5079365079365079,0.4767225325884544,0.4484848484848485,0.028237684103605887,0.597997138769671,0.2562385140785795
futures_smallcap+technical_dynamics+trend_direction,futures_smallcap|technical_dynamics|trend_direction,3,68,824,2017-07-18,2020-10-26,0.5555447133315986,0.528178940064186,0.02736577326741263,0.03228974702019349,0.553831641946396,0.4798206278026906,0.4246031746031746,0.45052631578947366,0.4484848484848485,0.0020414673046251774,0.657030223390276,0.26911464628187226
futures_smallcap+interaction_consensus+rates_credit+trend_direction,futures_smallcap|interaction_consensus|rates_credit|trend_direction,4,75,824,2017-07-18,2020-10-26,0.5555013444357707,0.528178940064186,0.02732240437158473,0.057147711363272805,0.5663869372885766,0.5049019607843137,0.4087301587301587,0.4517543859649123,0.4484848484848485,0.003269537480063811,0.6794871794871795,0.2531436324762154
calendar+equity_rotation+futures_core+futures_smallcap,calendar|equity_rotation|futures_core|futures_smallcap,4,58,824,2017-07-18,2020-10-26,0.5552736577326741,0.528178940064186,0.027094717668488144,0.04665042644883685,0.5524655217278168,0.47767857142857145,0.4246031746031746,0.4495798319327731,0.4484848484848485,0.0010949834479246356,0.6552631578947369,0.25547024409792185
breadth+futures_smallcap+interaction_consensus,breadth|futures_smallcap|interaction_consensus,3,56,824,2017-07-18,2020-10-26,0.5543412264723739,0.528178940064186,0.026162286408187962,0.04803715122839144,0.5546122820712984,0.46283783783783783,0.5436507936507936,0.5,0.4484848484848485,0.051515151515151514,0.6017441860465116,0.26110507022861784
breadth+futures_smallcap+technical_dynamics+trend_direction+volatility_options_short,breadth|futures_smallcap|technical_dynamics|trend_direction|volatility_options_short,5,89,824,2017-07-18,2020-10-26,0.5540376442015785,0.528178940064186,0.025858704137392552,0.024319206057438238,0.5655087171480615,0.46984126984126984,0.5873015873015873,0.5220458553791887,0.4484848484848485,0.0735610068943402,0.5949177877428998,0.2653733291877872
futures_smallcap+technical_dynamics+trend_direction+volatility_options_short,futures_smallcap|technical_dynamics|trend_direction|volatility_options_short,4,74,824,2017-07-18,2020-10-26,0.5535822707953856,0.528178940064186,0.025403330731199603,0.019862737099699428,0.5387067395264117,0.4444444444444444,0.5555555555555556,0.49382716049382713,0.4484848484848485,0.04534231200897865,0.5710014947683109,0.2665229233790972
breadth+calendar+futures_smallcap+interaction_consensus+rates_credit,breadth|calendar|futures_smallcap|interaction_consensus|rates_credit,5,81,824,2017-07-18,2020-10-26,0.553365426316246,0.528178940064186,0.025186486252059992,0.029352267866425218,0.5502211813687223,0.4721030042918455,0.4365079365079365,0.4536082474226804,0.4484848484848485,0.0051233989378319245,0.6471371504660453,0.2556541806503045
breadth+calendar+equity_rotation+flat_regime_state+futures_core+interaction_consensus+macro_cross_asset+rates_credit+technical_dynamics+trend_direction+volatility_options_core,breadth|calendar|equity_rotation|flat_regime_state|futures_core|interaction_consensus|macro_cross_asset|rates_credit|technical_dynamics|trend_direction|volatility_options_core,11,187,2875,2008-04-10,2020-10-26,0.5779688564615035,0.5530848107824211,0.024884045679082423,0.004871747862504229,0.5641510404837611,0.4891067538126362,0.5011160714285714,0.49503858875413453,0.4275184275184275,0.06752016123570703,0.6327185244587009,0.2504289346636166
equity_rotation+futures_core+futures_smallcap+trend_direction+volatility_options_short,equity_rotation|futures_core|futures_smallcap|trend_direction|volatility_options_short,5,73,824,2017-07-18,2020-10-26,0.5527582617746553,0.528178940064186,0.024579321710469282,0.016757641161933935,0.5487574811345304,0.47641509433962265,0.4007936507936508,0.4353448275862069,0.4484848484848485,-0.01314002089864158,0.6606217616580311,0.2579707149747471
equity_rotation+flat_regime_state+futures_core+futures_smallcap+volatility_options_short,equity_rotation|flat_regime_state|futures_core|futures_smallcap|volatility_options_short,5,88,782,2017-07-18,2020-10-26,0.5610558272895936,0.5366479531600126,0.02440787412958101,0.058224968685018225,0.5552369708213863,0.5058823529411764,0.35537190082644626,0.4174757281553398,0.4826254826254826,-0.06514975447014282,0.683377308707124,0.25514453148434146
equity_rotation+futures_smallcap+rates_credit+trend_direction,equity_rotation|futures_smallcap|rates_credit|trend_direction,4,73,824,2017-07-18,2020-10-26,0.5524980483996877,0.528178940064186,0.02431910833550177,0.042849499111055,0.5597840228987769,0.48672566371681414,0.4365079365079365,0.4602510460251046,0.4484848484848485,0.011766197540256096,0.6596306068601583,0.25510045887523713
breadth+flat_regime_state+futures_smallcap+technical_dynamics+trend_direction,breadth|flat_regime_state|futures_smallcap|technical_dynamics|trend_direction,5,116,782,2017-07-18,2020-10-26,0.5608751174613884,0.5366479531600126,0.024227164301375836,0.05889368888572134,0.5543334216803605,0.4597014925373134,0.6363636363636364,0.5337954939341422,0.4826254826254826,0.05117001130865956,0.5463743676222597,0.26964836675175585
equity_rotation+futures_core+futures_smallcap+interaction_consensus+volatility_options_short,equity_rotation|futures_core|futures_smallcap|interaction_consensus|volatility_options_short,5,67,824,2017-07-18,2020-10-26,0.5515764593633447,0.528178940064186,0.023397519299158676,0.02389977309857967,0.5521402550091075,0.4918918918918919,0.3611111111111111,0.41647597254004576,0.4484848484848485,-0.03200887594480273,0.6808510638297872,0.26547808990599214
futures_core+futures_smallcap+technical_dynamics,futures_core|futures_smallcap|technical_dynamics,3,60,824,2017-07-18,2020-10-26,0.5511969815248504,0.528178940064186,0.02301804146066444,0.019029771887342516,0.544463960447567,0.4853801169590643,0.32936507936507936,0.39243498817966904,0.4484848484848485,-0.056049860305179444,0.6838868388683886,0.25621855963847995
equity_rotation+futures_core+futures_smallcap+trend_direction,equity_rotation|futures_core|futures_smallcap|trend_direction,4,67,824,2017-07-18,2020-10-26,0.5511861393008934,0.528178940064186,0.023007199236707465,0.04746800562440136,0.5432279469164715,0.45555555555555555,0.4880952380952381,0.47126436781609193,0.4484848484848485,0.022779519331243447,0.6134453781512605,0.2566200242672639
flat_regime_state+futures_smallcap+interaction_consensus,flat_regime_state|futures_smallcap|interaction_consensus,3,74,782,2017-07-18,2020-10-26,0.5595740066983109,0.5366479531600126,0.022926053538298352,0.0396195006125769,0.5562489458593355,0.47368421052631576,0.5206611570247934,0.49606299212598426,0.4826254826254826,0.013437509500501654,0.6132930513595166,0.26329236695371233
breadth+futures_core+futures_smallcap+technical_dynamics+trend_direction,breadth|futures_core|futures_smallcap|technical_dynamics|trend_direction,5,93,824,2017-07-18,2020-10-26,0.5510343481654957,0.528178940064186,0.022855408101309704,0.06278049314757064,0.5600767629456154,0.4691780821917808,0.5436507936507936,0.5036764705882353,0.4484848484848485,0.055191622103386795,0.6098265895953757,0.25880949587322144
breadth+futures_smallcap+rates_credit+technical_dynamics+trend_direction,breadth|futures_smallcap|rates_credit|technical_dynamics|trend_direction,5,99,824,2017-07-18,2020-10-26,0.5509367681498829,0.528178940064186,0.02275782808569693,0.020889967895001152,0.5432930002602134,0.4675925925925926,0.4007936507936508,0.43162393162393164,0.4484848484848485,-0.01686091686091684,0.6536458333333334,0.2548817589159478
equity_rotation+flat_regime_state+futures_smallcap+technical_dynamics,equity_rotation|flat_regime_state|futures_smallcap|technical_dynamics,4,93,782,2017-07-18,2020-10-26,0.5587909307760884,0.5366479531600126,0.022142977616075865,0.08301239035033069,0.5609775196973713,0.4854771784232365,0.4834710743801653,0.484472049689441,0.4826254826254826,0.0018465670639584153,0.6375545851528385,0.2586884301724446
futures_core+futures_smallcap+interaction_consensus+rates_credit+trend_direction,futures_core|futures_smallcap|interaction_consensus|rates_credit|trend_direction,5,85,824,2017-07-18,2020-10-26,0.5502862347124643,0.528178940064186,0.02210729464827832,0.030249864594345702,0.5463179807442102,0.4858757062146893,0.3412698412698413,0.40093240093240096,0.4484848484848485,-0.04755244755244753,0.6815365551425031,0.2563762010744089
futures_smallcap+interaction_consensus+technical_dynamics+trend_direction,futures_smallcap|interaction_consensus|technical_dynamics|trend_direction,4,80,824,2017-07-18,2020-10-26,0.5496899123948303,0.528178940064186,0.021510972330644362,0.03591256028953027,0.5418943533697632,0.45901639344262296,0.4444444444444444,0.45161290322580644,0.4484848484848485,0.003128054740957953,0.6324324324324324,0.2576264456785166
breadth+futures_smallcap+interaction_consensus+technical_dynamics+trend_direction,breadth|futures_smallcap|interaction_consensus|technical_dynamics|trend_direction,5,95,824,2017-07-18,2020-10-26,0.5494622256917339,0.528178940064186,0.021283285627547888,0.02903695155178074,0.563231850117096,0.4838709677419355,0.47619047619047616,0.48,0.4484848484848485,0.031515151515151496,0.6467391304347826,0.2568429269834135
futures_core+futures_smallcap+macro_cross_asset+technical_dynamics+volatility_options_short,futures_core|futures_smallcap|macro_cross_asset|technical_dynamics|volatility_options_short,5,74,820,2017-07-18,2020-10-26,0.5558575342465752,0.5347506849315069,0.021106849315068343,0.07419777314309443,0.542054794520548,0.46798029556650245,0.38,0.4194260485651214,0.45,-0.03057395143487862,0.6615186615186616,0.2637429327279888
flat_regime_state+futures_smallcap+rates_credit+technical_dynamics,flat_regime_state|futures_smallcap|rates_credit|technical_dynamics,4,99,782,2017-07-18,2020-10-26,0.5573091101848059,0.5366479531600126,0.02066115702479332,0.016551690833952578,0.5412801484230055,0.46919431279620855,0.4090909090909091,0.4370860927152318,0.4826254826254826,-0.045539389910250805,0.6443514644351465,0.2559545608079404
equity_rotation+futures_smallcap+technical_dynamics,equity_rotation|futures_smallcap|technical_dynamics,3,60,824,2017-07-18,2020-10-26,0.5487574811345304,0.528178940064186,0.020578541070344403,0.04329723653483119,0.5495706479313036,0.46511627906976744,0.47619047619047616,0.47058823529411764,0.4484848484848485,0.022103386809269154,0.628099173553719,0.25604710384039736
breadth+equity_rotation+flat_regime_state+futures_smallcap,breadth|equity_rotation|flat_regime_state|futures_smallcap,4,87,782,2017-07-18,2020-10-26,0.5562368985374552,0.5366479531600126,0.0195889453774426,0.04674617286729716,0.550418042069248,0.4666666666666667,0.5206611570247934,0.4921875,0.4826254826254826,0.009562017374517395,0.6048632218844985,0.2594406285581002
calendar+futures_core+futures_smallcap+interaction_consensus+trend_direction,calendar|futures_core|futures_smallcap|interaction_consensus|trend_direction,5,78,824,2017-07-18,2020-10-26,0.5469034608378871,0.528178940064186,0.018724520773701125,0.047716329593548434,0.5546448087431695,0.4684014869888476,0.5,0.4836852207293666,0.4484848484848485,0.03520037224451811,0.6237762237762238,0.25540745313519847
futures_smallcap+macro_cross_asset+technical_dynamics+volatility_options_short,futures_smallcap|macro_cross_asset|technical_dynamics|volatility_options_short,4,64,820,2017-07-18,2020-10-26,0.5532164383561644,0.5347506849315069,0.018465753424657505,0.060140880411622785,0.5613424657534247,0.5054347826086957,0.372,0.42857142857142855,0.45,-0.021428571428571463,0.6884422110552764,0.2621661864743392
futures_smallcap+macro_cross_asset+technical_dynamics,futures_smallcap|macro_cross_asset|technical_dynamics,3,58,820,2017-07-18,2020-10-26,0.5529643835616438,0.5347506849315069,0.018213698630136888,0.033981709390063876,0.560958904109589,0.4752851711026616,0.5,0.4873294346978557,0.45,0.03732943469785571,0.6331938633193863,0.25921471752189906
breadth+equity_rotation+futures_core+futures_smallcap+volatility_options_short,breadth|equity_rotation|futures_core|futures_smallcap|volatility_options_short,5,70,824,2017-07-18,2020-10-26,0.5460902940411136,0.528178940064186,0.01791135397692767,0.027114311256519568,0.5409510798855062,0.46798029556650245,0.376984126984127,0.4175824175824176,0.4484848484848485,-0.03090243090243089,0.6606914212548015,0.2544476390939258
breadth+equity_rotation+futures_smallcap+interaction_consensus+trend_direction,breadth|equity_rotation|futures_smallcap|interaction_consensus|trend_direction,5,84,824,2017-07-18,2020-10-26,0.5460902940411136,0.528178940064186,0.01791135397692767,0.057649297577369675,0.5447241738225345,0.4906832298136646,0.3134920634920635,0.38256658595641646,0.4484848484848485,-0.06591826252843203,0.6901579586877278,0.2518513003833316
equity_rotation+futures_smallcap+rates_credit+volatility_options_core,equity_rotation|futures_smallcap|rates_credit|volatility_options_core,4,69,786,2017-07-18,2020-10-26,0.5670905912844313,0.5495268519076608,0.01756373937677047,0.07396422082010619,0.5691338677596287,0.46178343949044587,0.6170212765957447,0.5282331511839709,0.4612159329140461,0.06701721826992474,0.5869218500797448,0.2591322401221484
equity_rotation+flat_regime_state+futures_smallcap+interaction_consensus+trend_direction,equity_rotation|flat_regime_state|futures_smallcap|interaction_consensus|trend_direction,5,102,782,2017-07-18,2020-10-26,0.5541406645302749,0.5366479531600126,0.017492711370262315,0.012940269161110483,0.5530684528829242,0.48372093023255813,0.4297520661157025,0.4551422319474836,0.4826254826254826,-0.027483250677999005,0.6507713884992987,0.2632415273340904
calendar+equity_rotation+futures_core+futures_smallcap+volatility_options_short,calendar|equity_rotation|futures_core|futures_smallcap|volatility_options_short,5,64,824,2017-07-18,2020-10-26,0.5456349206349206,0.528178940064186,0.01745598057073461,0.03377275859180209,0.5533762685402029,0.4623287671232877,0.5357142857142857,0.4963235294117647,0.4484848484848485,0.04783868092691623,0.6040462427745664,0.25712315842354877
equity_rotation+flat_regime_state+futures_smallcap+volatility_options_core,equity_rotation|flat_regime_state|futures_smallcap|volatility_options_core,4,86,750,2017-07-18,2020-10-26,0.5510864418372178,0.5337507234176883,0.017335718419529522,0.02582490048586576,0.5638843583942759,0.46534653465346537,0.6157205240174672,0.5300751879699248,0.4769874476987448,0.05308774027118002,0.576271186440678,0.26589123855705393
breadth+futures_smallcap+rates_credit+technical_dynamics,breadth|futures_smallcap|rates_credit|technical_dynamics,4,81,824,2017-07-18,2020-10-26,0.5450494405412439,0.528178940064186,0.01687050047705796,0.03085680643209871,0.5318436117616445,0.44672131147540983,0.43253968253968256,0.43951612903225806,0.4484848484848485,-0.008968719452590423,0.6243243243243243,0.2556989081596044
flat_regime_state+futures_core+futures_smallcap,flat_regime_state|futures_core|futures_smallcap,3,72,782,2017-07-18,2020-10-26,0.5532250680673686,0.5366479531600126,0.016577114907356028,0.04539478526419715,0.5433703587692456,0.45925925925925926,0.512396694214876,0.484375,0.4826254826254826,0.0017495173745173953,0.5987841945288754,0.2567763631334707
calendar+futures_smallcap+technical_dynamics,calendar|futures_smallcap|technical_dynamics,3,59,824,2017-07-18,2020-10-26,0.5443880648798682,0.528178940064186,0.016209124815682263,0.04637918584598782,0.5465131407754359,0.4506172839506173,0.5793650793650794,0.5069444444444444,0.4484848484848485,0.058459595959595934,0.5696969696969697,0.2737381520931442
breadth+equity_rotation+futures_core+futures_smallcap,breadth|equity_rotation|futures_core|futures_smallcap,4,64,824,2017-07-18,2020-10-26,0.5440302714892878,0.528178940064186,0.015851331425101867,0.034918484748262174,0.5761774655217278,0.514018691588785,0.4365079365079365,0.4721030042918455,0.4484848484848485,0.023618155806997,0.6805194805194805,0.26227456509672786
calendar+equity_rotation+futures_smallcap,calendar|equity_rotation|futures_smallcap,3,48,824,2017-07-18,2020-10-26,0.5439977448174169,0.528178940064186,0.01581880475323094,0.02036812074623248,0.539032006245121,0.4541832669322709,0.4523809523809524,0.4532803180914513,0.4484848484848485,0.00479546960660282,0.6248294679399727,0.2592444407487897
calendar+futures_core+futures_smallcap,calendar|futures_core|futures_smallcap,3,48,824,2017-07-18,2020-10-26,0.5433146847081273,0.528178940064186,0.015135744643941296,0.04993366463822687,0.543976060369503,0.4878048780487805,0.31746031746031744,0.38461538461538464,0.4484848484848485,-0.06386946386946385,0.6878048780487804,0.26357953332385986
futures_core+futures_smallcap+volatility_options_core,futures_core|futures_smallcap|volatility_options_core,3,53,786,2017-07-18,2020-10-26,0.5645952624917123,0.5495268519076608,0.015068410584051506,0.06711970882366515,0.5718763184859261,0.48523206751054854,0.48936170212765956,0.4872881355932203,0.4612159329140461,0.026072202679174206,0.65625,0.25238183148200277
futures_smallcap+macro_cross_asset+rates_credit+technical_dynamics,futures_smallcap|macro_cross_asset|rates_credit|technical_dynamics,4,74,820,2017-07-18,2020-10-26,0.5488109589041095,0.5347506849315069,0.014060273972602566,0.026099931759556876,0.5543561643835616,0.45272206303724927,0.632,0.5275459098497496,0.45,0.07754590984974957,0.5515055467511886,0.2607851081267685
flat_regime_state+futures_core+trend_direction,flat_regime_state|futures_core|trend_direction,3,82,2941,2008-04-10,2020-10-26,0.5963495805839789,0.5837641337859987,0.012585446797980238,0.02159854614554619,0.5753635249590245,0.5142150803461063,0.4551422319474836,0.4828786999419617,0.534838076545633,-0.05195937660367128,0.6684034238928173,0.247487279012255
calendar+futures_smallcap+interaction_consensus+rates_credit+volatility_options_short,calendar|futures_smallcap|interaction_consensus|rates_credit|volatility_options_short,5,72,824,2017-07-18,2020-10-26,0.5407125509584526,0.528178940064186,0.012533610894266634,0.02012850558910511,0.5559133489461359,0.47560975609756095,0.4642857142857143,0.46987951807228917,0.4484848484848485,0.021394669587440684,0.6422764227642277,0.26525767705974823
flat_regime_state+futures_smallcap+interaction_consensus+rates_credit+technical_dynamics,flat_regime_state|futures_smallcap|interaction_consensus|rates_credit|technical_dynamics,5,111,782,2017-07-18,2020-10-26,0.5490326000530081,0.5366479531600126,0.012384646892995566,0.062302341697643676,0.5487314170059996,0.45901639344262296,0.5785123966942148,0.5118829981718465,0.4826254826254826,0.029257515546363855,0.5714285714285714,0.2634758610428758
equity_rotation+flat_regime_state+futures_smallcap+macro_cross_asset,equity_rotation|flat_regime_state|futures_smallcap|macro_cross_asset,4,80,778,2017-07-18,2020-10-26,0.5398449763327289,0.5275793674937029,0.012265608839025943,0.05637103797006414,0.5448704688431633,0.45733788395904434,0.5560165975103735,0.50187265917603,0.41517857142857145,0.08669408774745851,0.5777777777777777,0.26206635701794134
futures_smallcap+rates_credit+technical_dynamics+volatility_options_short,futures_smallcap|rates_credit|technical_dynamics|volatility_options_short,4,72,824,2017-07-18,2020-10-26,0.5394440107554862,0.528178940064186,0.011265070691300227,0.0067981801671248435,0.5416991933385376,0.47,0.373015873015873,0.415929203539823,0.4484848484848485,-0.0325556449450255,0.6632653061224489,0.26713761012441517
futures_smallcap+interaction_consensus+rates_credit+volatility_options_short,futures_smallcap|interaction_consensus|rates_credit|volatility_options_short,4,63,824,2017-07-18,2020-10-26,0.5391079018128199,0.528178940064186,0.010928961748633892,0.06860322639684752,0.5575071558678116,0.4732824427480916,0.49206349206349204,0.48249027237354086,0.4484848484848485,0.03400542388869238,0.631578947368421,0.2618223276275257
futures_core+futures_smallcap+interaction_consensus,futures_core|futures_smallcap|interaction_consensus,3,51,824,2017-07-18,2020-10-26,0.539053690693035,0.528178940064186,0.010874750628849017,0.01971525270564558,0.5340554254488681,0.44656488549618323,0.4642857142857143,0.45525291828793774,0.4484848484848485,0.0067680698030892494,0.6121883656509696,0.2600470861825016
breadth+equity_rotation+futures_smallcap+technical_dynamics,breadth|equity_rotation|futures_smallcap|technical_dynamics,4,75,824,2017-07-18,2020-10-26,0.5388693728857663,0.528178940064186,0.010690432821580331,0.05591773022994547,0.5384790528233151,0.4666666666666667,0.3611111111111111,0.407158836689038,0.4484848484848485,-0.04132601179581047,0.6641318124207858,0.2599135045691944
equity_rotation+futures_smallcap+rates_credit+volatility_options_short,equity_rotation|futures_smallcap|rates_credit|volatility_options_short,4,61,824,2017-07-18,2020-10-26,0.5376550438025848,0.528178940064186,0.0094761037383988,0.023952148434850534,0.5436182669789227,0.4934210526315789,0.2976190476190476,0.3712871287128713,0.4484848484848485,-0.0771977197719772,0.6947115384615384,0.2535211818018783
equity_rotation+futures_core+futures_smallcap+interaction_consensus+rates_credit,equity_rotation|futures_core|futures_smallcap|interaction_consensus|rates_credit,5,77,824,2017-07-18,2020-10-26,0.5370966692688004,0.528178940064186,0.008917729204614422,0.03474300406262099,0.5508066614623992,0.44931506849315067,0.6507936507936508,0.5316045380875203,0.4484848484848485,0.0831196896026718,0.5331179321486268,0.2614484167640799
equity_rotation+futures_smallcap+technical_dynamics+volatility_options_short,equity_rotation|futures_smallcap|technical_dynamics|volatility_options_short,4,66,824,2017-07-18,2020-10-26,0.5370370370370371,0.528178940064186,0.008858096972851115,0.035235201212419236,0.5362997658079626,0.4505928853754941,0.4523809523809524,0.4514851485148515,0.4484848484848485,0.0030003000300030114,0.6210670314637483,0.2631522934329419
futures_smallcap+interaction_consensus+trend_direction+volatility_options_short,futures_smallcap|interaction_consensus|trend_direction|volatility_options_short,4,65,824,2017-07-18,2020-10-26,0.5366358747506288,0.528178940064186,0.008456934686442819,0.01922084344930567,0.5472612542284674,0.4724770642201835,0.4087301587301587,0.43829787234042555,0.4484848484848485,-0.010186976144422932,0.6553524804177546,0.25654444258178216
calendar+futures_smallcap+interaction_consensus,calendar|futures_smallcap|interaction_consensus,3,50,824,2017-07-18,2020-10-26,0.5363973458235753,0.528178940064186,0.008218405759389369,0.06444933510481136,0.544984387197502,0.46062992125984253,0.4642857142857143,0.4624505928853755,0.4484848484848485,0.013965744400527003,0.6273972602739726,0.25637884764631286
calendar+futures_smallcap+volatility_options_short,calendar|futures_smallcap|volatility_options_short,3,44,824,2017-07-18,2020-10-26,0.5350962789487379,0.528178940064186,0.006917338884551927,0.0067708339143613535,0.5324290918553214,0.4432234432234432,0.4801587301587302,0.46095238095238095,0.4484848484848485,0.01246753246753246,0.6019690576652602,0.26736453849315145
futures_core+futures_smallcap+interaction_consensus+technical_dynamics+volatility_options_short,futures_core|futures_smallcap|interaction_consensus|technical_dynamics|volatility_options_short,5,78,824,2017-07-18,2020-10-26,0.5345433255269321,0.528178940064186,0.006364385462746092,0.055596351774631035,0.5334374186833203,0.4461538461538462,0.4603174603174603,0.453125,0.4484848484848485,0.004640151515151514,0.6132596685082873,0.2700587315896169
breadth+futures_smallcap+interaction_consensus+trend_direction,breadth|futures_smallcap|interaction_consensus|trend_direction,4,74,824,2017-07-18,2020-10-26,0.534532483302975,0.528178940064186,0.006353543238789006,0.03128092566331241,0.5230288836846214,0.43548387096774194,0.42857142857142855,0.432,0.4484848484848485,-0.01648484848484849,0.6141304347826086,0.27021532264930587
calendar+equity_rotation+volatility_options_core,calendar|equity_rotation|volatility_options_core,3,54,3301,2007-06-08,2020-10-26,0.5996487804878049,0.5933476871320437,0.006301093355761234,0.005601302492868257,0.5778721614802355,0.521889400921659,0.4419512195121951,0.4786053882725832,0.48807157057654077,-0.009466182303957571,0.677134445534838,0.24106749050862852
breadth+equity_rotation+futures_smallcap,breadth|equity_rotation|futures_smallcap,3,54,824,2017-07-18,2020-10-26,0.5337735276259866,0.528178940064186,0.005594587561800646,0.04384152375067807,0.5269320843091335,0.4342105263157895,0.5238095238095238,0.4748201438848921,0.4484848484848485,0.02633529540004359,0.5705882352941176,0.2593888138275573
futures_core+technical_dynamics+trend_direction,futures_core|technical_dynamics|trend_direction,3,70,3151,2008-04-10,2020-10-26,0.6019299324820089,0.5963665537661105,0.005563378715898404,0.004840262143970429,0.5775022790101314,0.5107102593010147,0.4670103092783505,0.4878836833602585,0.5344906349931475,-0.04660695163288903,0.6680628272251309,0.24387487592686619
futures_smallcap+interaction_consensus+macro_cross_asset+trend_direction,futures_smallcap|interaction_consensus|macro_cross_asset|trend_direction,4,67,820,2017-07-18,2020-10-26,0.5400438356164384,0.5347506849315069,0.005293150684931525,0.028307492075240265,0.5365753424657534,0.45893719806763283,0.38,0.41575492341356673,0.45,-0.034245076586433276,0.6545924967658473,0.26224377857355446
flat_regime_state+futures_core+futures_smallcap+interaction_consensus+trend_direction,flat_regime_state|futures_core|futures_smallcap|interaction_consensus|trend_direction,5,102,782,2017-07-18,2020-10-26,0.5417198756716382,0.5366479531600126,0.005071922511625582,0.029865748963181716,0.5438642989663398,0.45674740484429066,0.5454545454545454,0.4971751412429379,0.4826254826254826,0.014549658617455274,0.5821596244131455,0.2690018690842442
calendar+equity_rotation+futures_smallcap+interaction_consensus+rates_credit,calendar|equity_rotation|futures_smallcap|interaction_consensus|rates_credit,5,76,824,2017-07-18,2020-10-26,0.5313557116835805,0.528178940064186,0.0031767716193945583,0.04421965786528476,0.5370478792609941,0.452,0.44841269841269843,0.450199203187251,0.4484848484848485,0.0017143547024024985,0.6239782016348774,0.26728317674631485
futures_core+futures_smallcap+trend_direction,futures_core|futures_smallcap|trend_direction,3,57,824,2017-07-18,2020-10-26,0.5309111805013444,0.528178940064186,0.002732240437158473,0.0018759350631402801,0.5486924277907884,0.462406015037594,0.4880952380952381,0.4749034749034749,0.4484848484848485,0.026418626418626412,0.6211699164345403,0.255712012632631
futures_smallcap+interaction_consensus+macro_cross_asset+rates_credit,futures_smallcap|interaction_consensus|macro_cross_asset|rates_credit,4,65,820,2017-07-18,2020-10-26,0.5368767123287671,0.5347506849315069,0.0021260273972601995,0.04640023129357105,0.5503561643835616,0.4495677233429395,0.624,0.5226130653266332,0.45,0.0726130653266332,0.5497630331753555,0.26147513187421456
equity_rotation+futures_core+futures_smallcap+interaction_consensus,equity_rotation|futures_core|futures_smallcap|interaction_consensus,4,61,824,2017-07-18,2020-10-26,0.530163067048313,0.528178940064186,0.001984126984126977,0.04805119913486832,0.5322989851678376,0.44244604316546765,0.4880952380952381,0.4641509433962264,0.4484848484848485,0.015666094911377937,0.5977337110481586,0.25600431736352725
calendar+futures_core+futures_smallcap+interaction_consensus+rates_credit,calendar|futures_core|futures_smallcap|interaction_consensus|rates_credit,5,76,824,2017-07-18,2020-10-26,0.5296968514181629,0.528178940064186,0.0015179113539769418,0.04716792325249521,0.5360395524329951,0.44866920152091255,0.46825396825396826,0.458252427184466,0.4484848484848485,0.00976757869961753,0.6130374479889042,0.2675380750739183
equity_rotation+futures_smallcap+macro_cross_asset+rates_credit,equity_rotation|futures_smallcap|macro_cross_asset|rates_credit,4,63,820,2017-07-18,2020-10-26,0.5357260273972603,0.5347506849315069,0.0009753424657533705,0.04697736734750209,0.5352876712328767,0.451063829787234,0.424,0.43711340206185567,0.45,-0.01288659793814434,0.6335570469798658,0.26119095497653305
equity_rotation+futures_smallcap+volatility_options_core,equity_rotation|futures_smallcap|volatility_options_core,3,53,786,2017-07-18,2020-10-26,0.5502621903441625,0.5495268519076608,0.0007353384365016424,0.050942845666777564,0.5392019769754687,0.46111111111111114,0.35319148936170214,0.4,0.4612159329140461,-0.06121593291404609,0.6727989487516426,0.25498072064772687
futures_core+interaction_consensus+trend_direction,futures_core|interaction_consensus|trend_direction,3,61,3151,2008-04-10,2020-10-26,0.5970495156640258,0.5963665537661105,0.0006829618979152796,0.0033539502975509384,0.5736168446641517,0.49643947100712105,0.5030927835051546,0.49974398361495137,0.5344906349931475,-0.03474665137819616,0.6471650415312387,0.2400985169952677
futures_smallcap+technical_dynamics+volatility_options_core,futures_smallcap|technical_dynamics|volatility_options_core,3,64,786,2017-07-18,2020-10-26,0.5501054788740883,0.5495268519076608,0.0005786269664275201,0.035352371805837855,0.5556265445120849,0.4555160142348754,0.5446808510638298,0.49612403100775193,0.4612159329140461,0.03490809809370582,0.6060606060606061,0.26145374474924415
breadth+futures_core+futures_smallcap,breadth|futures_core|futures_smallcap,3,54,824,2017-07-18,2020-10-26,0.528655997918293,0.528178940064186,0.0004770578541070103,0.05324289091426399,0.5341855321363518,0.4474708171206226,0.45634920634920634,0.4518664047151277,0.4484848484848485,0.0033815562302791924,0.6162310866574966,0.26376517539490957
breadth+futures_core+futures_smallcap+technical_dynamics,breadth|futures_core|futures_smallcap|technical_dynamics,4,75,824,2017-07-18,2020-10-26,0.5284933645589383,0.528178940064186,0.0003144244947522745,0.06521785810950367,0.5436833203226645,0.4506578947368421,0.5436507936507936,0.49280575539568344,0.4484848484848485,0.044320906910834956,0.5852941176470589,0.26437213666623377
futures_core+futures_smallcap+rates_credit+technical_dynamics,futures_core|futures_smallcap|rates_credit|technical_dynamics,4,76,824,2017-07-18,2020-10-26,0.5284825223349814,0.528178940064186,0.00030358227079541056,0.03950558477702303,0.5293065313557117,0.4379310344827586,0.503968253968254,0.46863468634686345,0.4484848484848485,0.020149837862014963,0.5850144092219021,0.25735608966385265
base_only,,0,21,3368,2007-06-08,2020-10-26,0.6085387355804779,0.6085387355804779,0.0,0.014694820437846218,0.5853188453006964,0.5008375209380235,0.5727969348659003,0.5344057193923145,0.5344057193923145,0.0,0.6297085998578535,0.23859126463935526
equity_rotation+futures_core+futures_smallcap+technical_dynamics+volatility_options_short,equity_rotation|futures_core|futures_smallcap|technical_dynamics|volatility_options_short,5,76,824,2017-07-18,2020-10-26,0.5281030444964872,0.528178940064186,-7.589556769882488e-05,0.049179578102945036,0.5299245381212594,0.455026455026455,0.3412698412698413,0.3900226757369615,0.4484848484848485,-0.05846217274788701,0.6616352201257861,0.2600839740172999
equity_rotation+futures_smallcap+interaction_consensus+rates_credit+trend_direction,equity_rotation|futures_smallcap|interaction_consensus|rates_credit|trend_direction,5,85,824,2017-07-18,2020-10-26,0.5276043021944661,0.528178940064186,-0.0005746378697198962,0.053055649753738617,0.5237444704657819,0.4338235294117647,0.46825396825396826,0.45038167938931295,0.4484848484848485,0.0018968309044644638,0.5955056179775281,0.2617324297011031
futures_smallcap+interaction_consensus+rates_credit+volatility_options_core,futures_smallcap|interaction_consensus|rates_credit|volatility_options_core,4,71,786,2017-07-18,2020-10-26,0.5485986378156832,0.5495268519076608,-0.0009282140919776305,0.016773560428124404,0.550635886926647,0.45525291828793774,0.4978723404255319,0.47560975609756095,0.4612159329140461,0.014393823183514842,0.6228070175438597,0.25535964942277306
calendar+volatility_options_core,calendar|volatility_options_core,2,44,3301,2007-06-08,2020-10-26,0.591019007569386,0.5933476871320437,-0.0023286795626576984,0.03197882850915958,0.568183347350715,0.4950592885375494,0.48878048780487804,0.49189985272459497,0.48807157057654077,0.003828282148054196,0.6446961894953656,0.24553609177623972
technical_dynamics,technical_dynamics,1,42,3368,2007-06-08,2020-10-26,0.605757596910047,0.6085387355804779,-0.0027811386704308383,0.03603602329178386,0.5802348488373896,0.49869678540399653,0.5498084291187739,0.5230068337129841,0.5344057193923145,-0.01139888567933045,0.6335316765838291,0.2379213355020256
flat_regime_state+futures_smallcap+technical_dynamics,flat_regime_state|futures_smallcap|technical_dynamics,3,83,782,2017-07-18,2020-10-26,0.5338650218056527,0.5366479531600126,-0.002782931354359919,0.019987192287027646,0.5449063923089896,0.4909090909090909,0.3347107438016529,0.39803439803439805,0.4826254826254826,-0.08459108459108455,0.6788990825688074,0.2690717252639072
equity_rotation+flat_regime_state+futures_smallcap+interaction_consensus,equity_rotation|flat_regime_state|futures_smallcap|interaction_consensus,4,84,782,2017-07-18,2020-10-26,0.533672264655567,0.5366479531600126,-0.0029756885044455172,0.017326537967395646,0.5425330698985615,0.45364238410596025,0.5661157024793388,0.5036764705882353,0.4826254826254826,0.021050987962752676,0.5686900958466453,0.2674459009742829
calendar+equity_rotation+futures_smallcap+interaction_consensus+trend_direction,calendar|equity_rotation|futures_smallcap|interaction_consensus|trend_direction,5,78,824,2017-07-18,2020-10-26,0.5251539595801891,0.528178940064186,-0.0030249804839969086,0.053959463100384415,0.5408209731980224,0.46634615384615385,0.38492063492063494,0.4217391304347826,0.4484848484848485,-0.02674571805006587,0.6572164948453608,0.2602599254811443
equity_rotation+flat_regime_state+futures_smallcap+volatility_options_short,equity_rotation|flat_regime_state|futures_smallcap|volatility_options_short,4,78,782,2017-07-18,2020-10-26,0.5328409994458232,0.5366479531600126,-0.003806953714189376,0.09034545606865757,0.5340156133291569,0.4489051094890511,0.5082644628099173,0.47674418604651164,0.4826254826254826,-0.005881296578970963,0.5871559633027523,0.2673699152198608
futures_core+futures_smallcap+rates_credit,futures_core|futures_smallcap|rates_credit,3,55,824,2017-07-18,2020-10-26,0.5239829993928355,0.528178940064186,-0.004195940671350429,0.016028310202325466,0.517824616185272,0.4297520661157025,0.4126984126984127,0.42105263157894735,0.4484848484848485,-0.02743221690590114,0.6145552560646901,0.2658258768982139
futures_core+futures_smallcap+interaction_consensus+trend_direction+volatility_options_short,futures_core|futures_smallcap|interaction_consensus|trend_direction|volatility_options_short,5,75,824,2017-07-18,2020-10-26,0.5239071038251366,0.528178940064186,-0.004271836239049365,0.058270711242004565,0.5364623991673172,0.45701357466063347,0.4007936507936508,0.427061310782241,0.4484848484848485,-0.021423537702607465,0.6448230668414154,0.2632712847889609
futures_core+futures_smallcap+interaction_consensus+technical_dynamics+trend_direction,futures_core|futures_smallcap|interaction_consensus|technical_dynamics|trend_direction,5,90,824,2017-07-18,2020-10-26,0.5235384682105994,0.528178940064186,-0.004640471853586625,0.027211491365153613,0.5254358574030705,0.4444444444444444,0.36507936507936506,0.4008714596949891,0.4484848484848485,-0.04761338878985938,0.646074646074646,0.25746436965943675
futures_core,futures_core,1,31,3362,2007-06-08,2020-10-26,0.6049104070188744,0.6097478306265405,-0.004837423607666036,0.004256251462397444,0.5787461138281487,0.5153439153439153,0.4673704414587332,0.490186210367388,0.5228758169934641,-0.03268960662607606,0.6681952178185392,0.2391560287304688
equity_rotation+futures_smallcap+macro_cross_asset,equity_rotation|futures_smallcap|macro_cross_asset,3,47,820,2017-07-18,2020-10-26,0.5298520547945205,0.5347506849315069,-0.004898630136986437,0.04314224889735463,0.5300547945205479,0.4517766497461929,0.356,0.3982102908277405,0.45,-0.0517897091722595,0.6564495530012772,0.2591350609842919
futures_smallcap+interaction_consensus+macro_cross_asset,futures_smallcap|interaction_consensus|macro_cross_asset,3,49,820,2017-07-18,2020-10-26,0.5296986301369863,0.5347506849315069,-0.005052054794520644,0.0819540529926798,0.5341643835616439,0.4587628865979381,0.356,0.4009009009009009,0.45,-0.0490990990990991,0.6615776081424937,0.2641275003686532
trend_direction,trend_direction,1,39,3157,2008-04-10,2020-10-26,0.5849359116185081,0.5900327448117174,-0.005096833193209305,0.009330943309535454,0.5658967210938537,0.484375,0.5102880658436214,0.4969939879759519,0.4675467546754675,0.029447233300484377,0.633308984660336,0.24340952876027214
futures_core+futures_smallcap+macro_cross_asset,futures_core|futures_smallcap|macro_cross_asset,3,47,820,2017-07-18,2020-10-26,0.5288219178082192,0.5347506849315069,-0.005928767123287715,0.0429978488085947,0.5323013698630137,0.44086021505376344,0.492,0.46502835538752363,0.45,0.015028355387523618,0.5962910128388017,0.26004960610195504
calendar+futures_smallcap+interaction_consensus+macro_cross_asset+rates_credit,calendar|futures_smallcap|interaction_consensus|macro_cross_asset|rates_credit,5,74,820,2017-07-18,2020-10-26,0.528745205479452,0.5347506849315069,-0.006005479452054874,0.04609477065190714,0.5478356164383562,0.44837758112094395,0.608,0.5161290322580645,0.45,0.06612903225806449,0.5553822152886115,0.266272760596164
futures_core+trend_direction+volatility_options_core,futures_core|trend_direction|volatility_options_core,3,63,3084,2008-04-10,2020-10-26,0.5813132632757216,0.5877804765298755,-0.006467213254153892,0.017101289224538796,0.5634031951094696,0.48642779587404994,0.4730728616684266,0.4796573875802998,0.4749455337690632,0.0047118538112366215,0.6475707034082668,0.24781737722190333
breadth+calendar+futures_smallcap+technical_dynamics,breadth|calendar|futures_smallcap|technical_dynamics,4,74,824,2017-07-18,2020-10-26,0.5213700234192038,0.528178940064186,-0.006808916644982177,0.009476072653165867,0.5042935206869633,0.41295546558704455,0.40476190476190477,0.4088176352705411,0.4484848484848485,-0.039667213214307384,0.5997286295793759,0.2737445901194517
equity_rotation+futures_smallcap+interaction_consensus,equity_rotation|futures_smallcap|interaction_consensus,3,51,824,2017-07-18,2020-10-26,0.5213700234192038,0.528178940064186,-0.006808916644982177,0.023110683235248848,0.5124577153265678,0.4216417910447761,0.44841269841269843,0.4346153846153846,0.4484848484848485,-0.01386946386946386,0.5893854748603352,0.26055442524599953
futures_core+volatility_options_core,futures_core|volatility_options_core,2,45,3295,2007-06-08,2020-10-26,0.6005443269531077,0.6073693703194439,-0.00682504336633627,0.02082315575228416,0.5789132118940712,0.5032925682031985,0.52297165200391,0.5129434324065196,0.5386715195632393,-0.025728087156719703,0.6437587657784011,0.2424007370567893
volatility_options_core,volatility_options_core,1,35,3301,2007-06-08,2020-10-26,0.5860756938603868,0.5933476871320437,-0.00727199327165684,0.014224443555594109,0.5725904121110177,0.4892334194659776,0.5541463414634147,0.5196706312900274,0.48807157057654077,0.03159906071348667,0.6201157742402316,0.2444842635650303
equity_rotation+futures_smallcap+interaction_consensus+trend_direction+volatility_options_short,equity_rotation|futures_smallcap|interaction_consensus|trend_direction|volatility_options_short,5,75,824,2017-07-18,2020-10-26,0.5207086477578281,0.528178940064186,-0.007470292306357873,0.06891286297561923,0.546935987509758,0.4860335195530726,0.34523809523809523,0.4037122969837587,0.4484848484848485,-0.044772551501089775,0.6807453416149069,0.26464047518472633
breadth+futures_smallcap+interaction_consensus+rates_credit+technical_dynamics,breadth|futures_smallcap|interaction_consensus|rates_credit|technical_dynamics,5,93,824,2017-07-18,2020-10-26,0.519787058721485,0.528178940064186,-0.008391881342700969,0.05510775269738453,0.5253382773874578,0.4340277777777778,0.49603174603174605,0.46296296296296297,0.4484848484848485,0.014478114478114479,0.5833333333333334,0.26991160431683336
futures_smallcap+interaction_consensus+volatility_options_core,futures_smallcap|interaction_consensus|volatility_options_core,3,55,786,2017-07-18,2020-10-26,0.5405581339280333,0.5495268519076608,-0.008968717979627505,0.0421131348671896,0.5364233620637695,0.44493392070484583,0.4297872340425532,0.43722943722943725,0.4612159329140461,-0.023986495684608866,0.6358543417366946,0.26126307444742025
futures_core+trend_direction,futures_core|trend_direction,2,49,3151,2008-04-10,2020-10-26,0.5870856092553751,0.5963665537661105,-0.009280944510735356,0.01789131350724541,0.575263290520059,0.5195954487989887,0.42371134020618556,0.46678023850085176,0.5344906349931475,-0.06771039649229577,0.6828774062816616,0.24179133952358747
equity_rotation+futures_core+futures_smallcap+rates_credit+volatility_options_short,equity_rotation|futures_core|futures_smallcap|rates_credit|volatility_options_short,5,71,824,2017-07-18,2020-10-26,0.5188763119090989,0.528178940064186,-0.00930262815508709,0.06004693669704443,0.5214025500910746,0.43243243243243246,0.4444444444444444,0.4383561643835616,0.4484848484848485,-0.010128684101286867,0.6041379310344828,0.26313755293104407
futures_core+volatility_options_core+volatility_options_short,futures_core|volatility_options_core|volatility_options_short,3,51,2393,2011-01-11,2020-10-26,0.5989208909370201,0.608573988735279,-0.009653097798258958,0.029028929763374043,0.5779646697388633,0.5221518987341772,0.4435483870967742,0.4796511627906977,0.5210084033613446,-0.04135724057064688,0.6763110307414105,0.24949920939547432
equity_rotation,equity_rotation,1,31,3368,2007-06-08,2020-10-26,0.5986518942508053,0.6085387355804779,-0.009886841329672547,0.01622677004678914,0.5774058820792033,0.49325463743676223,0.5603448275862069,0.5246636771300448,0.5344057193923145,-0.009742042262269712,0.6243798724309001,0.23987604762945855
equity_rotation+trend_direction,equity_rotation|trend_direction,2,49,3157,2008-04-10,2020-10-26,0.579570261220998,0.5900327448117174,-0.01046248359071944,0.020513468268694653,0.5631587680870835,0.4958775029446408,0.4331275720164609,0.4623833058758924,0.4675467546754675,-0.005163448799575143,0.663920357020254,0.24405467189634628
futures_core+futures_smallcap+interaction_consensus+trend_direction+volatility_options_core,futures_core|futures_smallcap|interaction_consensus|trend_direction|volatility_options_core,5,83,786,2017-07-18,2020-10-26,0.5389789644988245,0.5495268519076608,-0.010547887408836276,0.010014488547650831,0.5435597613163763,0.44569288389513106,0.5063829787234042,0.47410358565737054,0.4612159329140461,0.01288765274332443,0.6083086053412463,0.25654449993814493
flat_regime_state+futures_smallcap+interaction_consensus+trend_direction,flat_regime_state|futures_smallcap|interaction_consensus|trend_direction,4,92,782,2017-07-18,2020-10-26,0.5259258366865046,0.5366479531600126,-0.010722116473507959,0.04651992310753746,0.5266245813555647,0.4369230769230769,0.5867768595041323,0.5008818342151675,0.4826254826254826,0.018256351589684916,0.5306799336650083,0.26237018737402024
futures_core+macro_cross_asset+trend_direction,futures_core|macro_cross_asset|trend_direction,3,57,3145,2008-04-10,2020-10-26,0.5711249182472204,0.5818493965158452,-0.01072447826862477,0.02268260856236224,0.5635679885843392,0.47954329210275926,0.5206611570247934,0.49925705794947994,0.46212534059945504,0.037131717350024906,0.625139043381535,0.2459185546172002
calendar+equity_rotation+futures_smallcap+rates_credit,calendar|equity_rotation|futures_smallcap|rates_credit,4,64,824,2017-07-18,2020-10-26,0.5173800850030358,0.528178940064186,-0.010798855061150192,0.08020651189903084,0.5289812646370023,0.44223107569721115,0.44047619047619047,0.441351888667992,0.4484848484848485,-0.007132959816856466,0.616643929058663,0.27150343193288207
equity_rotation+futures_smallcap+rates_credit+technical_dynamics,equity_rotation|futures_smallcap|rates_credit|technical_dynamics,4,76,824,2017-07-18,2020-10-26,0.51729334721138,0.528178940064186,-0.010885592852805992,0.05451719014881881,0.5204918032786885,0.42857142857142855,0.5,0.46153846153846156,0.4484848484848485,0.013053613053613078,0.5739130434782609,0.2612232856221662
futures_core+rates_credit+trend_direction,futures_core|rates_credit|trend_direction,3,65,3151,2008-04-10,2020-10-26,0.5850934208868498,0.5963665537661105,-0.011273132879260683,0.007009078962666648,0.5748923491962321,0.4937076476282672,0.5257731958762887,0.509236145781328,0.5344906349931475,-0.025254489211819497,0.6384700257447591,0.2449369594221261
interaction_consensus,interaction_consensus,1,33,3364,2007-06-08,2020-10-26,0.6039837947332882,0.6159656998889322,-0.011981905155644013,0.018846205117660008,0.5802821017598474,0.5313253012048192,0.42322456813819576,0.47115384615384615,0.5485307212822796,-0.0773768751284335,0.6880907372400756,0.2411250551780618
breadth+calendar+volatility_options_core,breadth|calendar|volatility_options_core,3,59,3301,2007-06-08,2020-10-26,0.5809978132884777,0.5933476871320437,-0.012349873843566006,0.02770497259094009,0.5674768713204373,0.5068649885583524,0.4321951219512195,0.46656134807793576,0.48807157057654077,-0.021510222498605014,0.6679777122254998,0.24828597867708677
equity_rotation+futures_smallcap+interaction_consensus+technical_dynamics+trend_direction,equity_rotation|futures_smallcap|interaction_consensus|technical_dynamics|trend_direction,5,90,824,2017-07-18,2020-10-26,0.5153417468991239,0.528178940064186,-0.012837193165062044,0.045126139557761034,0.5324616185271923,0.44715447154471544,0.4365079365079365,0.44176706827309237,0.4484848484848485,-0.006717780211756119,0.6233062330623306,0.26073801785893624
technical_dynamics+trend_direction,technical_dynamics|trend_direction,2,60,3157,2008-04-10,2020-10-26,0.5771767187338672,0.5900327448117174,-0.012856026077850191,0.027844472557322753,0.5589107925129431,0.48037190082644626,0.4783950617283951,0.4793814432989691,0.4675467546754675,0.011834688623501566,0.6385110952040086,0.24696566396691785
futures_core+futures_smallcap+volatility_options_short,futures_core|futures_smallcap|volatility_options_short,3,45,824,2017-07-18,2020-10-26,0.5152766935553821,0.528178940064186,-0.012902246508803894,0.04142907742503696,0.5131082487639864,0.42386831275720166,0.4087301587301587,0.4161616161616162,0.4484848484848485,-0.03232323232323231,0.6099865047233468,0.2626416653581726
futures_core+interaction_consensus,futures_core|interaction_consensus,2,43,3362,2007-06-08,2020-10-26,0.5968205465184835,0.6097478306265405,-0.012927284108056991,0.03416605826066183,0.5803966817222007,0.5114656031904287,0.4923224568138196,0.5017114914425428,0.5228758169934641,-0.021164325550921292,0.6597662771285476,0.24109494754289354
flat_regime_state+futures_smallcap+technical_dynamics+volatility_options_short,flat_regime_state|futures_smallcap|technical_dynamics|volatility_options_short,4,89,782,2017-07-18,2020-10-26,0.5236368455292388,0.5366479531600126,-0.013011107630773733,0.05550013307713213,0.5218478182300075,0.44017094017094016,0.4256198347107438,0.4327731092436975,0.4826254826254826,-0.04985237338178511,0.6109510086455331,0.27167972296344456
calendar,calendar,1,30,3368,2007-06-08,2020-10-26,0.5951565658915932,0.6085387355804779,-0.013382169688884726,0.008387029871632633,0.5713814819985419,0.5030800821355236,0.46934865900383144,0.48562933597621405,0.5344057193923145,-0.048776383416100466,0.6578773895847067,0.24147170097855009
calendar+technical_dynamics+volatility_options_core,calendar|technical_dynamics|volatility_options_core,3,65,3301,2007-06-08,2020-10-26,0.5799031118587048,0.5933476871320437,-0.013444575273338866,0.029869412551928962,0.5673927670311185,0.49014084507042255,0.5092682926829268,0.4995215311004785,0.48807157057654077,0.011449960523937708,0.6342657342657343,0.24856101329799862
equity_rotation+futures_core+futures_smallcap+interaction_consensus+trend_direction,equity_rotation|futures_core|futures_smallcap|interaction_consensus|trend_direction,5,79,824,2017-07-18,2020-10-26,0.5144201578627808,0.528178940064186,-0.01375878220140514,0.06015811997835407,0.532136351808483,0.43870967741935485,0.5396825396825397,0.48398576512455516,0.4484848484848485,0.03550091663970667,0.56973293768546,0.27548622695082475
equity_rotation+futures_core+volatility_options_core,equity_rotation|futures_core|volatility_options_core,3,55,3295,2007-06-08,2020-10-26,0.5932731139530765,0.6073693703194439,-0.014096256366367466,0.016550000887872427,0.5720432135570671,0.5151869158878505,0.4310850439882698,0.46939861628525814,0.5386715195632393,-0.06927290327798119,0.6740764955867931,0.24677908416294023
futures_smallcap,futures_smallcap,1,29,824,2017-07-18,2020-10-26,0.5140406800242866,0.528178940064186,-0.014138260039899375,0.036607952527303846,0.5110915951079885,0.4200743494423792,0.44841269841269843,0.43378119001919385,0.4484848484848485,-0.014703658465654634,0.5874125874125874,0.2640981985384899
technical_dynamics+volatility_options_core,technical_dynamics|volatility_options_core,2,56,3301,2007-06-08,2020-10-26,0.5788302775441548,0.5933476871320437,-0.01451740958788883,0.006081663625856928,0.5576282590412112,0.48512820512820515,0.46146341463414636,0.473,0.48807157057654077,-0.015071570576540794,0.6427118644067796,0.24490279420817204
calendar+futures_smallcap+volatility_options_core,calendar|futures_smallcap|volatility_options_core,3,52,786,2017-07-18,2020-10-26,0.5345910433367489,0.5495268519076608,-0.014935808570911924,0.03814657016847219,0.5506539690193478,0.4522058823529412,0.5234042553191489,0.48520710059171596,0.4612159329140461,0.023991167677669845,0.6098654708520179,0.2670435236986499
calendar+flat_regime_state+volatility_options_core,calendar|flat_regime_state|volatility_options_core,3,77,3072,2007-06-11,2020-10-26,0.5743565997270423,0.5897015724467469,-0.015344972719704586,0.0166897689716304,0.5584491546667409,0.47771836007130125,0.5548654244306418,0.5134099616858238,0.5118577075098815,0.0015522541759422914,0.5968253968253968,0.24931299587893552
interaction_consensus+technical_dynamics,interaction_consensus|technical_dynamics,2,54,3364,2007-06-08,2020-10-26,0.5998138934501122,0.6159656998889322,-0.016151806438820082,0.00791189859790254,0.5749555145729464,0.5083160083160083,0.4692898272552783,0.4880239520958084,0.5485307212822796,-0.06050676918647124,0.6627218934911243,0.24333030068612066
equity_rotation+futures_core+trend_direction,equity_rotation|futures_core|trend_direction,3,59,3151,2008-04-10,2020-10-26,0.579987697050998,0.5963665537661105,-0.016378856715112522,0.019341249665162673,0.5646104930814441,0.4813753581661891,0.5195876288659794,0.4997521070897372,0.5344906349931475,-0.03473852790341031,0.6269870609981516,0.24475192082175276
breadth+equity_rotation+futures_smallcap+technical_dynamics+trend_direction,breadth|equity_rotation|futures_smallcap|technical_dynamics|trend_direction,5,93,824,2017-07-18,2020-10-26,0.5117638129933212,0.528178940064186,-0.016415127070864788,0.07621554864825066,0.517824616185272,0.4297520661157025,0.4126984126984127,0.42105263157894735,0.4484848484848485,-0.02743221690590114,0.6145552560646901,0.2692139634598993
equity_rotation+futures_smallcap+interaction_consensus+macro_cross_asset+trend_direction,equity_rotation|futures_smallcap|interaction_consensus|macro_cross_asset|trend_direction,5,77,820,2017-07-18,2020-10-26,0.5180602739726028,0.5347506849315069,-0.01669041095890411,0.029230446409966446,0.5094794520547945,0.4180327868852459,0.408,0.41295546558704455,0.45,-0.037044534412955465,0.6059782608695652,0.2607781896356282
equity_rotation+futures_core+futures_smallcap+technical_dynamics,equity_rotation|futures_core|futures_smallcap|technical_dynamics,4,70,824,2017-07-18,2020-10-26,0.5113301240350421,0.528178940064186,-0.016848816029143898,0.03380780865947938,0.5218253968253967,0.4377880184331797,0.376984126984127,0.4051172707889126,0.4484848484848485,-0.04336757769593591,0.636245110821382,0.2641313712999403
futures_core+futures_smallcap+technical_dynamics+volatility_options_core+volatility_options_short,futures_core|futures_smallcap|technical_dynamics|volatility_options_core|volatility_options_short,5,80,786,2017-07-18,2020-10-26,0.5326140678681213,0.5495268519076608,-0.016912784039539552,0.051747859332834545,0.5464287866915798,0.4440677966101695,0.5574468085106383,0.49433962264150944,0.4612159329140461,0.033123689727463324,0.5851393188854489,0.26469952554713166
interaction_consensus+trend_direction,interaction_consensus|trend_direction,2,51,3153,2008-04-10,2020-10-26,0.5855418657279357,0.6026375926282004,-0.01709572690026473,0.01275453562754611,0.5640365927613187,0.5031685678073511,0.4092783505154639,0.45139283683911313,0.5045965270684372,-0.05320369022932403,0.6749747389693499,0.24774729822720765
flat_regime_state+futures_core+volatility_options_core,flat_regime_state|futures_core|volatility_options_core,3,78,3070,2007-06-11,2020-10-26,0.567956203813556,0.5868944874807112,-0.01893828366715511,0.010247796947396236,0.5563042315118524,0.4867444326617179,0.4751552795031056,0.4808800419067575,0.5149583128984796,-0.034078270991722115,0.6320089119940586,0.25077233227719253
equity_rotation+futures_smallcap+interaction_consensus+macro_cross_asset+rates_credit,equity_rotation|futures_smallcap|interaction_consensus|macro_cross_asset|rates_credit,5,75,820,2017-07-18,2020-10-26,0.515758904109589,0.5347506849315069,-0.01899178082191788,0.039271712981108306,0.5307397260273973,0.4418604651162791,0.456,0.44881889763779526,0.45,-0.0011811023622047556,0.6121883656509696,0.27116458622118456
futures_smallcap+trend_direction,futures_smallcap|trend_direction,2,47,824,2017-07-18,2020-10-26,0.5086087258218406,0.528178940064186,-0.019570214242345396,0.04282109477185996,0.5213700234192037,0.43006993006993005,0.4880952380952381,0.45724907063197023,0.4484848484848485,0.008764222147121747,0.5816618911174785,0.2649725245917038
calendar+futures_smallcap+rates_credit+technical_dynamics,calendar|futures_smallcap|rates_credit|technical_dynamics,4,75,824,2017-07-18,2020-10-26,0.5075353456500997,0.528178940064186,-0.020643594414086253,0.04926690565102192,0.5157103825136612,0.4268292682926829,0.4166666666666667,0.42168674698795183,0.4484848484848485,-0.026798101496896654,0.6097560975609756,0.2713418297391356
equity_rotation+futures_smallcap+interaction_consensus+rates_credit+volatility_options_short,equity_rotation|futures_smallcap|interaction_consensus|rates_credit|volatility_options_short,5,73,824,2017-07-18,2020-10-26,0.5073727122907451,0.528178940064186,-0.020806227773440877,0.04431901769126173,0.5160356492323706,0.4245614035087719,0.4801587301587302,0.4506517690875233,0.4484848484848485,0.0021669206026748156,0.5779685264663805,0.269433227677954
equity_rotation+volatility_options_core,equity_rotation|volatility_options_core,2,45,3301,2007-06-08,2020-10-26,0.5724915054667788,0.5933476871320437,-0.020856181665264817,0.02377667783444752,0.5572245584524811,0.49206349206349204,0.42341463414634145,0.4551651809124279,0.48807157057654077,-0.032906389664112856,0.6585606309562931,0.24666201517553657
calendar+futures_core+trend_direction,calendar|futures_core|trend_direction,3,58,3151,2008-04-10,2020-10-26,0.5754044779769802,0.5963665537661105,-0.02096207578913023,0.026192906499505963,0.5548155669361952,0.48053392658509453,0.44536082474226807,0.4622792937399679,0.5344906349931475,-0.07221134125317963,0.647739221871714,0.24509373848770674
volatility_options_short,volatility_options_short,1,27,2463,2011-01-11,2020-10-26,0.5945514950166113,0.6156508607671398,-0.02109936575052851,0.01080134076297197,0.574485049833887,0.5081521739130435,0.4857142857142857,0.49667994687915007,0.5260450160771705,-0.0293650691980204,0.6529304029304029,0.24409997061489722
futures_core+macro_cross_asset+volatility_options_core,futures_core|macro_cross_asset|volatility_options_core,3,53,3289,2007-06-08,2020-10-26,0.5835777126099707,0.6046928950154757,-0.02111518240550503,0.013585198584671297,0.5599933341868826,0.4900523560209424,0.4574780058651026,0.47320525783619816,0.5324137931034483,-0.05920853526725012,0.6472579553148273,0.2460866611884057
equity_rotation+technical_dynamics,equity_rotation|technical_dynamics,2,52,3368,2007-06-08,2020-10-26,0.5871363126354052,0.6085387355804779,-0.021402422945072663,0.032803346378931945,0.5710925744954783,0.4879931389365352,0.5450191570881227,0.5149321266968325,0.5344057193923145,-0.01947359269548199,0.6228008444757214,0.24175371935638929
interaction_consensus+volatility_options_core,interaction_consensus|volatility_options_core,2,47,3297,2007-06-08,2020-10-26,0.5810000593491023,0.6036113928694751,-0.02261133352037281,0.025614198582278345,0.5594785911602209,0.4767747589833479,0.53125,0.502540415704388,0.5294659300184162,-0.02692551431402823,0.612450521770421,0.24577085943464397
futures_core+rates_credit+volatility_options_core,futures_core|rates_credit|volatility_options_core,3,61,3295,2007-06-08,2020-10-26,0.5840245582582619,0.6073693703194439,-0.023344812061181996,0.006773823433979789,0.5680479672917098,0.4845094664371773,0.5503421309872922,0.5153318077803204,0.5386715195632393,-0.023339711782918937,0.615328732292045,0.24584344434648625
equity_rotation+interaction_consensus,equity_rotation|interaction_consensus,2,43,3364,2007-06-08,2020-10-26,0.592432163773764,0.6159656998889322,-0.023533536115168285,0.0038977667113556077,0.5683799010110148,0.5010526315789474,0.45681381957773515,0.4779116465863454,0.5485307212822796,-0.07061907469593426,0.6594629993451212,0.2406855020736265
breadth+futures_smallcap+interaction_consensus+technical_dynamics,breadth|futures_smallcap|interaction_consensus|technical_dynamics,4,77,824,2017-07-18,2020-10-26,0.503968253968254,0.528178940064186,-0.02421068609593202,0.051878248013740864,0.5004228467343221,0.40823970037453183,0.43253968253968256,0.42003853564547206,0.4484848484848485,-0.02844631283937643,0.5801952580195258,0.2666486414648278
equity_rotation+futures_smallcap+volatility_options_short,equity_rotation|futures_smallcap|volatility_options_short,3,45,824,2017-07-18,2020-10-26,0.5036863561453725,0.528178940064186,-0.024492583918813482,0.04224042359888405,0.5229963570127505,0.43272727272727274,0.4722222222222222,0.45161290322580644,0.4484848484848485,0.003128054740957953,0.5923836389280677,0.2640764722223936
futures_smallcap+rates_credit+technical_dynamics+volatility_options_core,futures_smallcap|rates_credit|technical_dynamics|volatility_options_core,4,80,786,2017-07-18,2020-10-26,0.5247423301790127,0.5495268519076608,-0.02478452172864809,0.0670378008022436,0.5301127117111687,0.4295774647887324,0.5191489361702127,0.4701348747591522,0.4612159329140461,0.00891894184510611,0.5814307458143074,0.2581231917811942
futures_core+technical_dynamics,futures_core|technical_dynamics,2,52,3362,2007-06-08,2020-10-26,0.5849315228599108,0.6097478306265405,-0.024816307766629686,0.03045654577420247,0.5688803669429301,0.49948927477017363,0.4692898272552783,0.4839188520534389,0.5228758169934641,-0.03895696494002521,0.6545213646902948,0.24387615365106544
futures_smallcap+interaction_consensus+volatility_options_short,futures_smallcap|interaction_consensus|volatility_options_short,3,47,824,2017-07-18,2020-10-26,0.5022660248070084,0.528178940064186,-0.025912915257177538,0.0756657570421513,0.5346083788706739,0.4558139534883721,0.3888888888888889,0.4197002141327623,0.4484848484848485,-0.02878463435208617,0.647594278283485,0.27472202353444813
futures_core+trend_direction+volatility_options_short,futures_core|trend_direction|volatility_options_short,3,55,2457,2011-01-11,2020-10-26,0.5877427160924892,0.6139116814090627,-0.026168965316573534,0.021612955885446747,0.5748152351024208,0.49064906490649063,0.5807291666666666,0.531902206320811,0.5408038976857491,-0.008901691364938125,0.6088689586447434,0.25135263316781975
equity_rotation+futures_core+futures_smallcap+volatility_options_core+volatility_options_short,equity_rotation|futures_core|futures_smallcap|volatility_options_core|volatility_options_short,5,69,786,2017-07-18,2020-10-26,0.5227774094388524,0.5495268519076608,-0.026749442468808393,0.006020202859296426,0.5357663793623049,0.43703703703703706,0.502127659574468,0.46732673267326735,0.4612159329140461,0.0061107997592212415,0.5991058122205664,0.2615041441109043
rates_credit,rates_credit,1,37,3368,2007-06-08,2020-10-26,0.5816955444904628,0.6085387355804779,-0.026843191090015095,0.017163702440705843,0.5658767276280888,0.4883720930232558,0.5028735632183908,0.49551675318546484,0.5344057193923145,-0.03888896620684967,0.6355267644050461,0.2446211707893054
calendar+trend_direction,calendar|trend_direction,2,48,3157,2008-04-10,2020-10-26,0.5627667890909627,0.5900327448117174,-0.027265955720754742,0.0039813115269189715,0.5434853312093455,0.47395171537484115,0.3837448559670782,0.42410460488914153,0.4675467546754675,-0.04344214978632599,0.6594957983193277,0.2463864424095656
futures_core+interaction_consensus+volatility_options_core,futures_core|interaction_consensus|volatility_options_core,3,57,3295,2007-06-08,2020-10-26,0.5799975393068688,0.6073693703194439,-0.02737183101257512,0.020927507675651696,0.568204126663503,0.4863436123348018,0.5395894428152492,0.5115848007414272,0.5386715195632393,-0.027086718821812128,0.620863309352518,0.24547199675629217
calendar+technical_dynamics,calendar|technical_dynamics,2,51,3368,2007-06-08,2020-10-26,0.5809315877373954,0.6085387355804779,-0.02760714784308249,0.012809336749397344,0.5565638233514821,0.4993788819875776,0.3850574712643678,0.43482963764196864,0.5344057193923145,-0.09957608175034588,0.6737433655947549,0.24381688565540305
calendar+volatility_options_core+volatility_options_short,calendar|volatility_options_core|volatility_options_short,3,50,2399,2011-01-11,2020-10-26,0.5951270716258995,0.6242567400382121,-0.02912966841231257,0.013337183633207432,0.578537483770085,0.5025510204081632,0.5281501340482574,0.515032679738562,0.563914373088685,-0.048881693350122934,0.6405038759689923,0.2405879662541197
calendar+futures_core+volatility_options_core,calendar|futures_core|volatility_options_core,3,54,3295,2007-06-08,2020-10-26,0.5779296106561533,0.6073693703194439,-0.0294397596632906,0.016036943321909445,0.5668169447114701,0.4979123173277662,0.4662756598240469,0.4815749621403332,0.5386715195632393,-0.05709655742290615,0.6526885356780521,0.24656094028685252
equity_rotation+flat_regime_state+futures_smallcap+trend_direction,equity_rotation|flat_regime_state|futures_smallcap|trend_direction,4,90,782,2017-07-18,2020-10-26,0.5066983109654724,0.5366479531600126,-0.029949642194540216,0.04043661407869056,0.5303893694431727,0.440625,0.5826446280991735,0.501779359430605,0.4826254826254826,0.019153876805122427,0.5394736842105263,0.26553111852219646
flat_regime_state,flat_regime_state,1,54,3132,2007-06-11,2020-10-26,0.5592930105125227,0.5908495637154174,-0.031556553202894744,0.034539730025495874,0.5547641383007236,0.4722932651321398,0.5630081300813008,0.5136764024107556,0.5346171480972031,-0.020940745686447437,0.5871704053522235,0.2519822640413684
calendar+interaction_consensus,calendar|interaction_consensus,2,42,3364,2007-06-08,2020-10-26,0.5836999952047754,0.6159656998889322,-0.03226570468415679,0.03185830799265548,0.557579629886431,0.478584729981378,0.4932821497120921,0.48582230623818523,0.5485307212822796,-0.06270841504409441,0.6286689419795222,0.2460943944600509
equity_rotation+futures_core+futures_smallcap+rates_credit,equity_rotation|futures_core|futures_smallcap|rates_credit,4,65,824,2017-07-18,2020-10-26,0.4957064793130367,0.528178940064186,-0.03247246075114929,0.017072445313566543,0.5172066094197242,0.42916666666666664,0.4087301587301587,0.4186991869918699,0.4484848484848485,-0.029785661492978566,0.6155913978494624,0.2721743008294263
calendar+futures_smallcap+interaction_consensus+rates_credit+volatility_options_core,calendar|futures_smallcap|interaction_consensus|rates_credit|volatility_options_core,5,80,786,2017-07-18,2020-10-26,0.5167500452052318,0.5495268519076608,-0.032776806702428996,0.06305780854286212,0.5364474715207039,0.44129554655870445,0.46382978723404256,0.45228215767634855,0.4612159329140461,-0.008933775237697561,0.6195965417867435,0.26451932069445067
macro_cross_asset,macro_cross_asset,1,29,3356,2007-06-08,2020-10-26,0.5700035785158919,0.6028146654087642,-0.032811086892872265,0.019985513393494508,0.5530244965678779,0.47339449541284406,0.4952015355086372,0.48405253283302063,0.5385288966725044,-0.05447636383948373,0.6209510682288077,0.24337269618484475
futures_smallcap+interaction_consensus+technical_dynamics,futures_smallcap|interaction_consensus|technical_dynamics,3,62,824,2017-07-18,2020-10-26,0.49392835458409234,0.528178940064186,-0.03425058548009363,0.050682598160118164,0.5146370023419204,0.4217252396166134,0.5238095238095238,0.4672566371681416,0.4484848484848485,0.0187717886832931,0.5514157973174366,0.26389574687672634
equity_rotation+futures_core,equity_rotation|futures_core,2,41,3362,2007-06-08,2020-10-26,0.5747541030442653,0.6097478306265405,-0.03499372758227515,0.034969221509649775,0.5617112402245084,0.48333333333333334,0.5009596928982726,0.49198868991517436,0.5228758169934641,-0.030887127078289722,0.630568882796436,0.2441079295215566
breadth,breadth,1,36,3368,2007-06-08,2020-10-26,0.5732144611454957,0.6085387355804779,-0.035324274434982206,0.042949088952405595,0.5599880559045713,0.4825636192271442,0.4904214559386973,0.4864608076009501,0.5344057193923145,-0.0479449117913644,0.6331862911435358,0.24509252958600622
futures_core+futures_smallcap+interaction_consensus+macro_cross_asset+trend_direction,futures_core|futures_smallcap|interaction_consensus|macro_cross_asset|trend_direction,5,77,820,2017-07-18,2020-10-26,0.49729315068493146,0.5347506849315069,-0.03745753424657544,0.024841725786700023,0.5112876712328767,0.42152466367713004,0.376,0.3974630021141649,0.45,-0.0525369978858351,0.6235138705416117,0.26494518775063375
calendar+flat_regime_state+futures_smallcap+interaction_consensus+rates_credit,calendar|flat_regime_state|futures_smallcap|interaction_consensus|rates_credit,5,99,782,2017-07-18,2020-10-26,0.49891574103076886,0.5366479531600126,-0.037732212129243714,0.046209581078715874,0.5171192443919717,0.43243243243243246,0.4628099173553719,0.4471057884231537,0.4826254826254826,-0.03551969420232892,0.585949177877429,0.2731543209569767
calendar+futures_core,calendar|futures_core,2,40,3362,2007-06-08,2020-10-26,0.568866731252224,0.6097478306265405,-0.0408810993743165,0.028857809657785043,0.5535538505891917,0.47507055503292567,0.4846449136276392,0.47980997624703087,0.5228758169934641,-0.043065840746433215,0.626916524701874,0.2507002531667807
calendar+rates_credit+volatility_options_core,calendar|rates_credit|volatility_options_core,3,60,3301,2007-06-08,2020-10-26,0.5519905803195964,0.5933476871320437,-0.04135710681244731,0.022703213062212766,0.5383599663582843,0.4530853761622992,0.5229268292682927,0.4855072463768116,0.48807157057654077,-0.0025643241997291844,0.5857038657913931,0.2529926096282054
equity_rotation+flat_regime_state+futures_smallcap+interaction_consensus+rates_credit,equity_rotation|flat_regime_state|futures_smallcap|interaction_consensus|rates_credit,5,100,782,2017-07-18,2020-10-26,0.49398838638170733,0.5366479531600126,-0.042659566778305236,0.036586928477287575,0.5154446666506036,0.42724458204334365,0.5702479338842975,0.48849557522123893,0.4826254826254826,0.005870092595756327,0.5223140495867769,0.27442245772878626
futures_core+technical_dynamics+volatility_options_core,futures_core|technical_dynamics|volatility_options_core,3,66,3295,2007-06-08,2020-10-26,0.5641328287560385,0.6073693703194439,-0.043236541563405395,0.02120510266024293,0.5550705150825617,0.4782187802516941,0.48289345063538613,0.4805447470817121,0.5386715195632393,-0.058126772481527256,0.6294240111034004,0.24921840186962368
equity_rotation+futures_smallcap+trend_direction,equity_rotation|futures_smallcap|trend_direction,3,57,824,2017-07-18,2020-10-26,0.4839535085436725,0.528178940064186,-0.0442254315205135,0.03195536776598239,0.5059523809523809,0.41626794258373206,0.34523809523809523,0.3774403470715835,0.4484848484848485,-0.07104450141326496,0.6296774193548387,0.2677899505505525
calendar+trend_direction+volatility_options_core,calendar|trend_direction|volatility_options_core,3,62,3090,2008-04-10,2020-10-26,0.5565254458741848,0.6007794752571336,-0.044254029382948756,0.03479138122963677,0.5527201851870409,0.46893787575150303,0.4931506849315068,0.48073959938366717,0.5196770938446014,-0.0389374944609342,0.623463687150838,0.25223389919420763
equity_rotation+futures_core+futures_smallcap+volatility_options_core,equity_rotation|futures_core|futures_smallcap|volatility_options_core,4,63,786,2017-07-18,2020-10-26,0.5048038092941957,0.5495268519076608,-0.04472304261346516,0.024497122396086746,0.5157736121993852,0.42953020134228187,0.2723404255319149,0.3333333333333333,0.4612159329140461,-0.1278825995807128,0.6767676767676768,0.27250109699632086
trend_direction+volatility_options_core,trend_direction|volatility_options_core,2,53,3090,2008-04-10,2020-10-26,0.5548488648968652,0.6007794752571336,-0.045930610360268354,0.017510825868200967,0.5521065950914334,0.4825436408977556,0.4077976817702845,0.4420331239291833,0.5196770938446014,-0.07764396991541805,0.6608816383200278,0.2555010313496599
equity_rotation+futures_core+futures_smallcap+macro_cross_asset,equity_rotation|futures_core|futures_smallcap|macro_cross_asset,4,57,820,2017-07-18,2020-10-26,0.4887561643835616,0.5347506849315069,-0.04599452054794528,0.03856327157072294,0.514027397260274,0.4253393665158371,0.376,0.3991507430997877,0.45,-0.0508492569002123,0.6271409749670619,0.2638245575786571
calendar+interaction_consensus+volatility_options_core,calendar|interaction_consensus|volatility_options_core,3,56,3297,2007-06-08,2020-10-26,0.5543435449758287,0.6036113928694751,-0.049267847893646355,0.014288362496942097,0.5413528358080111,0.45897204688908927,0.4970703125,0.4772620721987811,0.5294659300184162,-0.05220385781963516,0.6033440056919246,0.25192690008134067
calendar+equity_rotation,calendar|equity_rotation,2,40,3368,2007-06-08,2020-10-26,0.556816536625974,0.6085387355804779,-0.05172219895450392,0.011487166218930043,0.5479101710952891,0.46237458193979936,0.5296934865900383,0.49375,0.5344057193923145,-0.04065571939231449,0.596728307254623,0.25027847801356545
equity_rotation+futures_smallcap+interaction_consensus+trend_direction+volatility_options_core,equity_rotation|futures_smallcap|interaction_consensus|trend_direction|volatility_options_core,5,83,786,2017-07-18,2020-10-26,0.4977397384123923,0.5495268519076608,-0.051787113495268544,0.022869224490369,0.5164727864504852,0.4326241134751773,0.25957446808510637,0.324468085106383,0.4612159329140461,-0.13674784780766314,0.6825,0.26377465095995084
futures_smallcap+volatility_options_core,futures_smallcap|volatility_options_core,2,43,786,2017-07-18,2020-10-26,0.4965222108372009,0.5495268519076608,-0.053004641070459935,0.037682604625990504,0.5116026761497197,0.4147465437788018,0.3829787234042553,0.39823008849557523,0.4612159329140461,-0.06298584441847088,0.6243093922651933,0.2692239285614774
breadth+futures_core+volatility_options_core,breadth|futures_core|volatility_options_core,3,60,3295,2007-06-08,2020-10-26,0.5543299410920881,0.6073693703194439,-0.05303942922735583,0.019717823159668607,0.5405943385129572,0.4585987261146497,0.49266862170087977,0.4750235626767201,0.5386715195632393,-0.06364795688651925,0.6044034090909091,0.24980167664674469
calendar+macro_cross_asset+volatility_options_core,calendar|macro_cross_asset|volatility_options_core,3,52,3289,2007-06-08,2020-10-26,0.5510832285025834,0.6046928950154757,-0.05360966651289234,0.02056855417198817,0.5501927598701792,0.47717842323651455,0.4496578690127077,0.463009562154001,0.5324137931034483,-0.06940423094944725,0.6376910016977929,0.25268950992149164
equity_rotation+futures_core+futures_smallcap+macro_cross_asset+volatility_options_short,equity_rotation|futures_core|futures_smallcap|macro_cross_asset|volatility_options_short,5,63,820,2017-07-18,2020-10-26,0.4807780821917808,0.5347506849315069,-0.053972602739726094,0.05077939570213851,0.4985205479452055,0.40476190476190477,0.408,0.4063745019920319,0.45,-0.04362549800796811,0.5906593406593407,0.2768036581831784
breadth+futures_smallcap+technical_dynamics+volatility_options_short,breadth|futures_smallcap|technical_dynamics|volatility_options_short,4,71,824,2017-07-18,2020-10-26,0.4732847601700061,0.528178940064186,-0.054894179894179884,0.011873877550904832,0.5022443403590945,0.41116751269035534,0.32142857142857145,0.36080178173719374,0.4484848484848485,-0.08768306674765475,0.6353240152477764,0.27676311908403384
breadth+futures_core+trend_direction,breadth|futures_core|trend_direction,3,64,3151,2008-04-10,2020-10-26,0.5405737917540596,0.5963665537661105,-0.055792762012050856,0.029840039043605156,0.5393390500048174,0.4566768603465851,0.4618556701030928,0.4592516658124039,0.5344906349931475,-0.07523896918074363,0.6192710212919523,0.2557398958132178
calendar+equity_rotation+flat_regime_state+futures_smallcap,calendar|equity_rotation|flat_regime_state|futures_smallcap,4,81,782,2017-07-18,2020-10-26,0.47502590174204273,0.5366479531600126,-0.061622051417969836,0.03370606732618133,0.5066260270341902,0.4258064516129032,0.2727272727272727,0.33249370277078083,0.4826254826254826,-0.15013177985470177,0.6571798188874515,0.27862927964360557
