family,feature,validation_block,rows,mean,median,std,q25,q75,development_mean,development_median,development_std,development_q33,development_q67,mean_z_vs_development,median_z_vs_development
volatility,target_rolling_volatility,1,110,0.009640876466648705,0.009608107667760556,0.0018504537969723314,0.008061280847186688,0.011518981160766717,0.010764607663932715,0.008711663414476132,0.006564040244525251,0.007508774038135087,0.011021775577374217,-0.17119504991171552,0.1365689757968966
volatility,target_rolling_volatility,2,110,0.011839950687500224,0.011922187639032232,0.0034069045621656167,0.008706728004904397,0.015760074443338982,0.010764607663932715,0.008711663414476132,0.006564040244525251,0.007508774038135087,0.011021775577374217,0.16382334408513113,0.48910794342460706
volatility,target_rolling_volatility,3,110,0.012271701610913302,0.013125154875144693,0.003191250425824086,0.009234176573874098,0.01526809131008767,0.010764607663932715,0.008711663414476132,0.006564040244525251,0.007508774038135087,0.011021775577374217,0.22959852329326916,0.6723742232308282
volatility,realized_volatility_20,1,110,0.009203842011967304,0.008969057493990292,0.003038939194891914,0.00661693474353131,0.011500294923959183,0.011388973250014695,0.00893223723553496,0.009118526699934999,0.006863125753346404,0.011395504790688134,-0.23963643579208552,0.004037961357901619
volatility,realized_volatility_20,2,110,0.01303298898654708,0.012376524808140499,0.0038954180518311994,0.01054912537694009,0.015059874227116144,0.011388973250014695,0.00893223723553496,0.009118526699934999,0.006863125753346404,0.011395504790688134,0.1802940091784899,0.37772413087632795
volatility,realized_volatility_20,3,110,0.010940103724553441,0.010406012297257981,0.003927719596709477,0.007391552236504093,0.014718782425222784,0.011388973250014695,0.00893223723553496,0.009118526699934999,0.006863125753346404,0.011395504790688134,-0.0492261020044448,0.16162425249393925
volatility,realized_volatility_40,1,110,0.009181119103688594,0.008564987522456475,0.0025629330923980873,0.007015383820651735,0.011108348298102321,0.011100977602969856,0.008652964238366506,0.008068366317179361,0.0072548708989772625,0.011008104809655766,-0.2379488515777293,-0.01090390699325448
volatility,realized_volatility_40,2,110,0.012764340843396777,0.012693538856756784,0.0035328965680185586,0.009985047570397318,0.015018960831250783,0.011100977602969856,0.008652964238366506,0.008068366317179361,0.0072548708989772625,0.011008104809655766,0.2061586168795097,0.5007921628182633
volatility,realized_volatility_40,3,110,0.011215576050432628,0.010774325168952898,0.0036424314545284112,0.007937216154841279,0.014484672505422787,0.011100977602969856,0.008652964238366506,0.008068366317179361,0.0072548708989772625,0.011008104809655766,0.014203426438232778,0.26292322970878734
volatility,vix_level,1,110,22.962272696061568,21.989999771118164,5.296438075986626,18.809999465942383,25.739999771118164,21.49540702757148,18.229999542236328,11.129456291268216,15.890000343322754,21.68000030517578,0.13180029914317903,0.3378422207230196
volatility,vix_level,2,110,24.548000058260833,23.920000076293945,4.681617430967866,21.015000343322754,28.360000610351562,21.49540702757148,18.229999542236328,11.129456291268216,15.890000343322754,21.68000030517578,0.2742805174664561,0.5112559306712758
volatility,vix_level,3,110,20.770000024275348,19.72000026702881,5.298960666543062,16.90999937057495,24.079999923706055,21.49540702757148,18.229999542236328,11.129456291268216,15.890000343322754,21.68000030517578,-0.06517901542641062,0.13387902210115002
volatility,vvix_level,1,110,117.26254549893466,115.93499755859375,11.69211783888732,108.7649974822998,121.18000221252441,93.87067213906023,91.69999694824219,17.330524632584062,85.68000030517578,98.16999816894531,1.3497498694236925,1.3983997094228768
volatility,vvix_level,2,110,114.35790980945934,114.47500228881836,17.57056941896133,104.62000274658203,126.06250190734863,93.87067213906023,91.69999694824219,17.330524632584062,85.68000030517578,98.16999816894531,1.1821475751449522,1.3141555621320111
volatility,vvix_level,3,110,91.27609093405984,89.90499877929688,9.947148255926097,84.62749862670898,95.94750213623047,93.87067213906023,91.69999694824219,17.330524632584062,85.68000030517578,98.16999816894531,-0.1497116365492007,-0.10357436990513483
volatility,vix_vix3m_ratio,1,110,0.8830623993258887,0.866404493764555,0.06330190278698708,0.8388749307075893,0.9149770283204046,0.9386318369880065,0.9259927536822328,0.09894231500123496,0.8893158717352782,0.9638157973851965,-0.5616347026186335,-0.6022525338823338
volatility,vix_vix3m_ratio,2,110,0.9048399193210901,0.9170394935687858,0.061771001923451176,0.8497628950491372,0.9558277806310904,0.9386318369880065,0.9259927536822328,0.09894231500123496,0.8893158717352782,0.9638157973851965,-0.3415315041546641,-0.09048969708597622
volatility,vix_vix3m_ratio,3,110,0.9067504955547891,0.9043904788978423,0.05189653063107902,0.8701650084712967,0.9454899943850904,0.9386318369880065,0.9259927536822328,0.09894231500123496,0.8893158717352782,0.9638157973851965,-0.3222215028304055,-0.21833201279069367
volatility,implied_realized_ratio_20,1,110,1.6748865068135386,1.6623643338137182,0.4237464403282334,1.3424088110072736,2.007553534228621,1.3846366674652768,1.3278081684311671,0.43286314567596984,1.1523902524316385,1.5091099711565616,0.6705348844032457,0.7728913138587944
volatility,implied_realized_ratio_20,2,110,1.276592740047644,1.1719654777131483,0.41685896687146745,1.0232450320423812,1.3426269407249678,1.3846366674652768,1.3278081684311671,0.43286314567596984,1.1523902524316385,1.5091099711565616,-0.24960297150941024,-0.36002762599401017
volatility,implied_realized_ratio_20,3,110,1.2601930684020306,1.2404276492234203,0.23493283418772498,1.0874539901188265,1.409195275218621,1.3846366674652768,1.3278081684311671,0.43286314567596984,1.1523902524316385,1.5091099711565616,-0.2874894763076029,-0.2018663868260053
trend,close_vs_sma_50,1,110,0.016705331404409565,0.018981206870219647,0.024058220215887077,0.0008733806564323321,0.03316979547889426,-0.005904548366650258,0.004469791579019278,0.049660127002256076,-0.011659604569938642,0.017635922820685934,0.4552924274646468,0.2922146230222309
trend,close_vs_sma_50,2,110,-0.012698882349658634,-0.006451863987385897,0.040445658997203975,-0.04374096891526438,0.018051615298246337,-0.005904548366650258,0.004469791579019278,0.049660127002256076,-0.011659604569938642,0.017635922820685934,-0.1368166856017043,-0.21992806353292252
trend,close_vs_sma_50,3,110,0.002772441612172512,0.009114038299415261,0.03932218527180516,-0.017140130862847824,0.031988889147602395,-0.005904548366650258,0.004469791579019278,0.049660127002256076,-0.011659604569938642,0.017635922820685934,0.17472750277961574,0.09352063719420198
trend,ma_alignment_score,1,110,0.5454545454545454,1.0,0.655554777357089,0.0,1.0,0.1179985063480209,0.0,0.8057653698286464,0.0,1.0,0.5304969102822414,1.2410560660017684
trend,ma_alignment_score,2,110,-0.09090909090909091,0.0,0.7573332945330374,-1.0,0.0,0.1179985063480209,0.0,0.8057653698286464,0.0,1.0,-0.25926604080979304,0.0
trend,ma_alignment_score,3,110,0.17272727272727273,0.0,0.7846144497208446,0.0,1.0,0.1179985063480209,0.0,0.8057653698286464,0.0,1.0,0.06792146749976412,0.0
trend,adx_14,1,110,20.095597852239656,19.9529369928112,5.733917887196953,14.787032170219097,25.789690190247214,23.699361549273707,22.342718550849742,8.428310453951523,18.910488927718188,26.13796707481211,-0.4275784235432933,-0.283542184533333
trend,adx_14,2,110,24.228756240038976,24.780188464830353,5.738932804819456,19.0462784099047,28.43553129139788,23.699361549273707,22.342718550849742,8.428310453951523,18.910488927718188,26.13796707481211,0.0628114844199964,0.28920030026158194
trend,adx_14,3,110,22.31731881660618,20.12698415842997,7.7653459345572475,16.034657998006814,27.790408747786948,23.699361549273707,22.342718550849742,8.428310453951523,18.910488927718188,26.13796707481211,-0.16397624888385223,-0.26289188141864767
trend,signed_trend_efficiency_20,1,110,0.10870431064304437,0.10843387374098967,0.2204169180502676,-0.03212540074785452,0.23708669618722603,0.03202053212851063,0.011252709038588967,0.27533286801775586,-0.11594124957373968,0.1462529679148449,0.27851298345386244,0.3529588218146684
trend,signed_trend_efficiency_20,2,110,-0.025895007325130174,-0.056972110992129794,0.254467358061521,-0.20919783865210928,0.11260539090912017,0.03202053212851063,0.011252709038588967,0.27533286801775586,-0.11594124957373968,0.1462529679148449,-0.21034735108307487,-0.247790322026933
trend,signed_trend_efficiency_20,3,110,0.028890779378796198,0.031166761460385564,0.26905954811676164,-0.22550404680102967,0.25242512856406224,0.03202053212851063,0.011252709038588967,0.27533286801775586,-0.11594124957373968,0.1462529679148449,-0.011367159948054581,0.07232718914079073
trend,distance_from_252d_high,1,110,-0.02363623182416778,-0.01458437307520899,0.024243822737805953,-0.03639711359929851,-0.005342677330332751,-0.07224513846104015,-0.03141266576806867,0.10353329640183802,-0.061029404142046606,-0.015149544974119432,0.46950023157969706,0.1625399101323401
trend,distance_from_252d_high,2,110,-0.08774069268028169,-0.08275939191244241,0.06313938180161478,-0.13769857172161218,-0.03099451009770557,-0.07224513846104015,-0.03141266576806867,0.10353329640183802,-0.061029404142046606,-0.015149544974119432,-0.14966735106259443,-0.49594408686732583
trend,distance_from_252d_high,3,110,-0.11593812823548888,-0.13200084368824,0.08070282698984181,-0.18607523597924847,-0.034012113283633044,-0.07224513846104015,-0.03141266576806867,0.10353329640183802,-0.061029404142046606,-0.015149544974119432,-0.42201872530809376,-0.9715539002038922
breadth,rsp_relative_return_20,1,110,0.008269686500524925,0.008632895169008534,0.018263059298534928,-0.002319915526739511,0.019624559143155283,-0.001856189347621142,-0.0014330364048299668,0.015286810210964206,-0.005330766166093653,0.0032706333095819384,0.662392985090078,0.6584716781934588
breadth,rsp_relative_return_20,2,110,0.0026294637662486815,0.004829226882658409,0.01475654877743926,-0.009573769811296996,0.014682955597939695,-0.001856189347621142,-0.0014330364048299668,0.015286810210964206,-0.005330766166093653,0.0032706333095819384,0.29343290405035344,0.4096514054316494
breadth,rsp_relative_return_20,3,110,-0.0042312678980624,-0.0013766687622263464,0.017605495415621127,-0.012471436438893573,0.006896440831488743,-0.001856189347621142,-0.0014330364048299668,0.015286810210964206,-0.005330766166093653,0.0032706333095819384,-0.15536783133068355,0.0036873384195737335
breadth,sector_positive_participation_5d,1,110,0.496969696969697,0.4444444444444444,0.3170108322575035,0.2222222222222222,0.7777777777777778,0.487511409841507,0.4444444444444444,0.35222689613125535,0.2222222222222222,0.7777777777777778,0.026852824790147334,0.0
breadth,sector_positive_participation_5d,2,110,0.4787878787878788,0.4444444444444444,0.3598058631501561,0.1111111111111111,0.8888888888888888,0.487511409841507,0.4444444444444444,0.35222689613125535,0.2222222222222222,0.7777777777777778,-0.024766794215446256,0.0
breadth,sector_positive_participation_5d,3,110,0.4727272727272728,0.4444444444444444,0.3154945038523245,0.2222222222222222,0.7777777777777778,0.487511409841507,0.4444444444444444,0.35222689613125535,0.2222222222222222,0.7777777777777778,-0.0419733338839774,0.0
breadth,sector_return_dispersion_5d,1,110,0.01965104556979223,0.018280897222757546,0.008901894306169188,0.012636805054490814,0.025405958565753138,0.01545717157435998,0.012403331817418345,0.010626921751831232,0.010227231496942091,0.015482225064678595,0.39464617255787743,0.5530825899161607
breadth,sector_return_dispersion_5d,2,110,0.02026510874341281,0.018771980510619724,0.009170635834909431,0.012943417616564427,0.02599734422083115,0.01545717157435998,0.012403331817418345,0.010626921751831232,0.010227231496942091,0.015482225064678595,0.4524299022173873,0.5992938352165746
breadth,sector_return_dispersion_5d,3,110,0.017795177747252682,0.016918906055338995,0.00772842831962961,0.012660354447108495,0.020907438339568714,0.01545717157435998,0.012403331817418345,0.010626921751831232,0.010227231496942091,0.015482225064678595,0.22000784681507762,0.42491836708429004
breadth,sector_average_correlation_20d,1,110,0.5126746214580189,0.5290601502719028,0.13675332690556785,0.3912337009939514,0.6062053916573545,0.6264325047983078,0.6616358702360613,0.18601134716303191,0.5773285914067935,0.7291770937473867,-0.6115642140938017,-0.7127292070411215
breadth,sector_average_correlation_20d,2,110,0.5254398891528159,0.4933650294924502,0.14025317884430435,0.4270684088084924,0.645333554124242,0.6264325047983078,0.6616358702360613,0.18601134716303191,0.5773285914067935,0.7291770937473867,-0.5429379292488844,-0.9046267515934286
breadth,sector_average_correlation_20d,3,110,0.5774078306324206,0.5914865454956567,0.16091027527594495,0.44710636124188724,0.7309759403566526,0.6264325047983078,0.6616358702360613,0.18601134716303191,0.5773285914067935,0.7291770937473867,-0.2635574383691706,-0.37712390029045567
breadth,sector_volume_breadth,1,110,-0.003280944491693986,0.14564113342421464,0.8059455063331589,-0.5831872696579683,0.5635234018115125,-0.06493473845281814,-0.007425019341408367,0.8191722555418419,-0.4446527599026145,0.3937650259421886,0.07526352796255681,0.1868546593590103
breadth,sector_volume_breadth,2,110,0.0044730404763930086,-0.004151795880311813,0.6880817203767257,-0.4769435972666899,0.5459475104536651,-0.06493473845281814,-0.007425019341408367,0.8191722555418419,-0.4446527599026145,0.3937650259421886,0.08472916222400785,0.003995769435491291
breadth,sector_volume_breadth,3,110,-0.02951930248026305,0.0673305268567369,0.7231566592348836,-0.6815318229887759,0.5442139366027567,-0.06493473845281814,-0.007425019341408367,0.8191722555418419,-0.4446527599026145,0.3937650259421886,0.043233197575923185,0.09125741953833406
breadth,cyclical_defensive_spread_5d,1,110,-0.0009196814032537833,-0.000829446660607255,0.016014852615769237,-0.009694977796950336,0.006207769071789141,-0.0033200465184794123,-0.00243071056452206,0.021679674131943952,-0.008922353493574616,0.004815327736137277,0.1107196123252059,0.07386014633658264
breadth,cyclical_defensive_spread_5d,2,110,-0.007016687148008092,-0.006918620037608361,0.023065293221636467,-0.019482394325365707,0.005647311180200041,-0.0033200465184794123,-0.00243071056452206,0.021679674131943952,-0.008922353493574616,0.004815327736137277,-0.17051181706102575,-0.2070100060440292
breadth,cyclical_defensive_spread_5d,3,110,0.0019136355150018776,1.849378432765454e-05,0.01918395861765913,-0.011950135443032937,0.01542016982580113,-0.0033200465184794123,-0.00243071056452206,0.021679674131943952,-0.008922353493574616,0.004815327736137277,0.24140962643759079,0.11297237836434684
rates_credit,tlt_ief_relative_return_5,1,110,-0.0009146326863987031,0.0014136302576493592,0.011700405464056592,-0.009070980457256524,0.0065802425250823665,0.0019596879079703993,0.0019276270737015235,0.012793554763979333,-0.0027186860349304835,0.006338001537554071,-0.22466942514381105,-0.04017623135513039
rates_credit,tlt_ief_relative_return_5,2,110,-0.002942291804423853,-0.0015279344018495136,0.01318472321438465,-0.010836762162093137,0.005806954480196858,0.0019596879079703993,0.0019276270737015235,0.012793554763979333,-0.0027186860349304835,0.006338001537554071,-0.383160099192754,-0.27010174570716516
rates_credit,tlt_ief_relative_return_5,3,110,-0.0030868394805622667,-0.0023696866788805583,0.01351653916733082,-0.01123810116034168,0.0062463980102792195,0.0019596879079703993,0.0019276270737015235,0.012793554763979333,-0.0027186860349304835,0.006338001537554071,-0.39445857555879055,-0.3358967723873984
rates_credit,hyg_lqd_relative_return_5,1,110,0.0002643894187673688,-0.0004884817364620641,0.007523020805031619,-0.004808907881146745,0.005404350474867325,-0.0030711913433479803,-0.0015450288243508744,0.016877987608134252,-0.0064011456812414925,0.002060381153208373,0.19762905623344482,0.06259911503783859
rates_credit,hyg_lqd_relative_return_5,2,110,0.0012086992739985594,0.0016203271117341245,0.009443532981424148,-0.0045859481000913435,0.00781433798559,-0.0030711913433479803,-0.0015450288243508744,0.016877987608134252,-0.0064011456812414925,0.002060381153208373,0.2535782533270655,0.18754344472675602
rates_credit,hyg_lqd_relative_return_5,3,110,0.0009371785646891891,0.001166343595681905,0.009547218327018037,-0.005420780945147943,0.006805136162825855,-0.0030711913433479803,-0.0015450288243508744,0.016877987608134252,-0.0064011456812414925,0.002060381153208373,0.23749098536518404,0.1606454799579334
rates_credit,hyg_tlt_risk_on_5d,1,110,0.0012819817683201605,-0.002350186593941015,0.018856162845027138,-0.009789160283306356,0.014414520436712878,-0.007130640321349682,-0.004522577974898443,0.03161563265833248,-0.01394612569936481,0.004394375439174515,0.2660905818518437,0.06871257027921222
rates_credit,hyg_tlt_risk_on_5d,2,110,0.0019805139409012303,0.001021689845380598,0.021340698110737556,-0.011200468595095329,0.012673252732090664,-0.007130640321349682,-0.004522577974898443,0.03161563265833248,-0.01394612569936481,0.004394375439174515,0.2881851000963479,0.17536475958572403
rates_credit,hyg_tlt_risk_on_5d,3,110,0.0037517139506254528,0.004191294999477283,0.0201675927159576,-0.010719313171852098,0.015671439876256427,-0.007130640321349682,-0.004522577974898443,0.03161563265833248,-0.01394612569936481,0.004394375439174515,0.34420801853247196,0.27561912388551035
liquidity,relative_volume_20,1,110,1.1452014070354055,1.08343949365047,0.3796347777431363,0.8258254108087437,1.3661031943133057,1.061354668127349,0.9791520234967757,0.400391455806714,0.8542342081588382,1.1338321854856181,0.2094119085011969,0.26046377524109415
liquidity,relative_volume_20,2,110,1.0279953337988395,0.9462753542456557,0.3594303332493256,0.7573331049780654,1.1703058704672749,1.061354668127349,0.9791520234967757,0.400391455806714,0.8542342081588382,1.1338321854856181,-0.08331679870964437,-0.08211131574943235
liquidity,relative_volume_20,3,110,1.0160454440139493,0.9820216756898672,0.2390441260802475,0.8360368300323867,1.1790149794441795,1.061354668127349,0.9791520234967757,0.400391455806714,0.8542342081588382,1.1338321854856181,-0.11316231517006285,0.007167116459340347
liquidity,log_volume_change,1,110,0.0364974585930619,-0.0032252908101534994,0.35391539820805323,-0.20967752793347372,0.29376282748804805,-0.0023508852954733637,-0.017706134307093203,0.3341775685211346,-0.13808169459955957,0.12582652495138527,0.11625060311634398,0.0433327813145061
liquidity,log_volume_change,2,110,-0.01679883999897446,-0.04179763600424783,0.2323170701064118,-0.16748351898804043,0.1296337033932959,-0.0023508852954733637,-0.017706134307093203,0.3341775685211346,-0.13808169459955957,0.12582652495138527,-0.04323436419577443,-0.07209191749095809
liquidity,log_volume_change,3,110,-0.02004566716546137,-0.019207119281760585,0.270766655529948,-0.1829477462524649,0.1448830068817067,-0.0023508852954733637,-0.017706134307093203,0.3341775685211346,-0.13808169459955957,0.12582652495138527,-0.05295023824697235,-0.004491579076686155
cross_asset,iwm_relative_return_5,1,110,4.893450232703143e-05,0.00010643444878785224,0.021009464793798283,-0.01247690585073242,0.014330526194146936,-0.002068023258050958,-0.0013384744894118638,0.01503003355065092,-0.007335515288489081,0.00402296951670662,0.1408485053106424,0.09613477796509243
cross_asset,iwm_relative_return_5,2,110,-0.004017913069235562,-0.0035828820187878718,0.016411710387055294,-0.01561423626204158,0.008494149746643587,-0.002068023258050958,-0.0013384744894118638,0.01503003355065092,-0.007335515288489081,0.00402296951670662,-0.12973289810787936,-0.14932817826469902
cross_asset,iwm_relative_return_5,3,110,-0.0026966652406128816,-0.0017600699076634682,0.015402940073302807,-0.01289598024809568,0.008406213457807623,-0.002068023258050958,-0.0013384744894118638,0.01503003355065092,-0.007335515288489081,0.00402296951670662,-0.04182572051109614,-0.028050198080452456
cross_asset,qqq_relative_return_5,1,110,-0.002597201493958258,0.0004600167587847136,0.01490707097681225,-0.010238461916473651,0.005564896956809778,0.0003836401985377411,0.0007993184139164845,0.012096499544399111,-0.0032260922560134603,0.0048047287050006155,-0.24642184142239565,-0.028049573670994216
cross_asset,qqq_relative_return_5,2,110,-0.0031127071292534904,-0.004910629093961151,0.012460013063090813,-0.011187897350004528,0.004029736357443354,0.0003836401985377411,0.0007993184139164845,0.012096499544399111,-0.0032260922560134603,0.0048047287050006155,-0.2890379415101207,-0.47203304451174394
cross_asset,qqq_relative_return_5,3,110,0.0027183844658405887,0.0022374015022921627,0.014701302871098831,-0.007399492049564929,0.011589926745070771,0.0003836401985377411,0.0007993184139164845,0.012096499544399111,-0.0032260922560134603,0.0048047287050006155,0.19300990825762274,0.11888423449257564
cross_asset,dxy_return_5d,1,110,0.0013444824061600265,0.00043136671730802133,0.007536760181149697,-0.0041441710792739115,0.006615710628094864,0.0005581904980755392,0.00026996874623922535,0.011802596979626311,-0.004192015335694086,0.004852860889655651,0.06662024548002338,0.013674784570497645
cross_asset,dxy_return_5d,2,110,0.0035455384630828143,0.0020772914399873306,0.009574729573055002,-0.003515057869934205,0.009066270808486885,0.0005581904980755392,0.00026996874623922535,0.011802596979626311,-0.004192015335694086,0.004852860889655651,0.2531093767044699,0.15312923900290018
cross_asset,dxy_return_5d,3,110,0.0003632104792206667,0.0004725425563352282,0.009725699939956504,-0.006658611744245,0.006843239951658705,0.0005581904980755392,0.00026996874623922535,0.011802596979626311,-0.004192015335694086,0.004852860889655651,-0.016520094619128973,0.01716349464831228
cross_asset,crude_return_5d,1,110,0.005997741807083392,0.00987005448495377,0.04504209598090508,-0.020317069739378565,0.03796300595625196,-0.009722936737376769,-0.004317989386381611,0.06411474404261468,-0.024813552101781194,0.015840008025561268,0.24519599632201933,0.22129143745633792
cross_asset,crude_return_5d,2,110,0.003201121178161111,0.004177435279936985,0.07553429936434608,-0.024742276232037872,0.04416472857140342,-0.009722936737376769,-0.004317989386381611,0.06411474404261468,-0.024813552101781194,0.015840008025561268,0.20157700242783066,0.13250344820330257
cross_asset,crude_return_5d,3,110,-0.009725020134650311,-0.008688119635245867,0.049065077718029544,-0.041216242936344606,0.02302600277858301,-0.009722936737376769,-0.004317989386381611,0.06411474404261468,-0.024813552101781194,0.015840008025561268,-3.249482322127618e-05,-0.06816108079538763
cross_asset,gold_dollar_relative_return_5d,1,110,-0.0035113990089983703,-0.0019962999334761653,0.02821470396130962,-0.021671336884990178,0.016789529098266844,0.001332512666448472,0.0029308405943739195,0.03421571251405681,-0.00931999722790475,0.014344945756777111,-0.1415698028634307,-0.14400227748657496
cross_asset,gold_dollar_relative_return_5d,2,110,-0.003772593822200638,0.0005721094276256861,0.024616667615759587,-0.017100408887520558,0.014713407612981738,0.001332512666448472,0.0029308405943739195,0.03421571251405681,-0.00931999722790475,0.014344945756777111,-0.1492035709194068,-0.06893707578876804
cross_asset,gold_dollar_relative_return_5d,3,110,0.0010530777163532115,-0.0036239775867283486,0.026312700499687394,-0.017787507614930285,0.018965324675162584,0.001332512666448472,0.0029308405943739195,0.03421571251405681,-0.00931999722790475,0.014344945756777111,-0.008166860473253641,-0.19157333574185711
cross_asset,futures_cash_confirmation,1,110,-0.00012117576936979405,5.296404659552514e-06,0.0023639660741141552,-0.0002691056350304097,0.00032844993122048915,2.0448742100872725e-05,3.9311101434955694e-05,0.003876387195627146,-0.0005650115177156785,0.0005786594165097091,-0.03653518194220376,-0.008774844993238627
cross_asset,futures_cash_confirmation,2,110,8.439788052169698e-05,-5.299666286439882e-05,0.0013725745422532843,-0.00019314008888480453,0.0002447059765589535,2.0448742100872725e-05,3.9311101434955694e-05,0.003876387195627146,-0.0005650115177156785,0.0005786594165097091,0.016497097733932164,-0.02381283386847541
cross_asset,futures_cash_confirmation,3,110,6.375364427006804e-05,-2.659935491931614e-05,0.0015362276698138316,-0.00029135683214250615,0.0002764891730383895,2.0448742100872725e-05,3.9311101434955694e-05,0.003876387195627146,-0.0005650115177156785,0.0005786594165097091,0.011171459398598383,-0.017003063168876356
