candidate,breadth_feature_count,breadth_features,feature_count,cv_macro_f1,cv_macro_f1_std,delta_macro_f1_vs_baseline,folds_beating_baseline,passes_selection_gate,cv_balanced_accuracy,cv_accuracy,cv_down_f1,cv_flat_f1,cv_up_f1
rsp+dispersion+volume,3,rsp_relative_return|sector_return_dispersion|sector_volume_breadth,24,0.3670869420457288,0.011905318256487638,0.033373957337327065,3,True,0.37037233639083095,0.40567872423181645,0.4186784912633996,0.22745897407802687,0.4551233607957599
participation+dispersion+correlation+volume,4,sector_positive_participation|sector_return_dispersion|sector_average_correlation_20d|sector_volume_breadth,25,0.36413978692735083,0.021009218375301338,0.03042680221894911,3,True,0.36823133339322184,0.40840140023337224,0.3822965124201776,0.22524765909979916,0.4848751892620757
rsp+participation+dispersion,3,rsp_relative_return|sector_positive_participation|sector_return_dispersion,24,0.36292157176226203,0.011397447710794345,0.029208587053860313,3,True,0.3660723324914625,0.4049008168028005,0.41295211303260354,0.21236743692559348,0.4634451653285891
participation+dispersion+volume,3,sector_positive_participation|sector_return_dispersion|sector_volume_breadth,24,0.360681737755612,0.025651037242554953,0.026968753047210303,3,True,0.3653086699600396,0.3959548813691171,0.3946995732902779,0.2356215136614411,0.4517241263151172
rsp+participation+correlation+volume,4,rsp_relative_return|sector_positive_participation|sector_average_correlation_20d|sector_volume_breadth,25,0.3593905207572172,0.011779935036195805,0.025677536048815508,3,True,0.360181295706049,0.4052897705173084,0.3925120810379383,0.21305578445774068,0.47260369677597275
volume,1,sector_volume_breadth,22,0.35783060133008543,0.007799942631528036,0.024117616621683713,3,True,0.36051906454956084,0.3940101127965772,0.4041095561384675,0.22285339715911143,0.4465288506926773
rsp,1,rsp_relative_return,22,0.3576038808683409,0.011637880673540902,0.023890896159939168,3,True,0.3622049334941813,0.39362115908206924,0.4277967234544107,0.2197569884790913,0.4252579306715207
rsp+volume,2,rsp_relative_return|sector_volume_breadth,23,0.35597778445498984,0.020828482478094688,0.022264799746588126,2,True,0.35646012792230936,0.40062232594321273,0.39910583872680566,0.20313679039662333,0.46569072424154045
rsp+participation,2,rsp_relative_return|sector_positive_participation,23,0.3557187987208148,0.007796285418539629,0.022005814012413083,3,True,0.3559069723065961,0.4025670945157526,0.3968916492226244,0.19705375524208923,0.4732109916977308
participation+volume,2,sector_positive_participation|sector_volume_breadth,23,0.35440119828569827,0.003405564052039436,0.020688213577296555,3,True,0.35481158741821267,0.4014002333722287,0.3856350336369058,0.20222923981015975,0.4753393214100292
participation+correlation+volume,3,sector_positive_participation|sector_average_correlation_20d|sector_volume_breadth,24,0.353823650610545,0.015527429009882122,0.020110665902143277,2,True,0.3566590578780166,0.397121742512641,0.38653019667127203,0.19865513642092114,0.4762856187394417
rsp+participation+correlation,3,rsp_relative_return|sector_positive_participation|sector_average_correlation_20d,24,0.3534497001623573,0.016584463427305792,0.01973671545395561,2,True,0.3566542911848874,0.3955659276546091,0.4199531634068941,0.2032956700323978,0.4371002670477801
dispersion,1,sector_return_dispersion,22,0.35322626113307054,0.016213725542176698,0.019513276424668824,2,True,0.3563134268233988,0.397510696227149,0.4061758497372267,0.20052319977970537,0.4529797338822797
rsp+dispersion+correlation+volume,4,rsp_relative_return|sector_return_dispersion|sector_average_correlation_20d|sector_volume_breadth,25,0.35315098159806263,0.009944153808935164,0.019437996889660913,3,True,0.35584308176887186,0.3959548813691171,0.3897588720277332,0.20204053997069948,0.46765353279575517
participation,1,sector_positive_participation,22,0.3520943381369092,0.011836681421590197,0.018381353428507496,3,True,0.354492117263173,0.38739789964994165,0.39704998914480005,0.21936104579891882,0.4398719794670088
participation+dispersion,2,sector_positive_participation|sector_return_dispersion,23,0.3510655353381462,0.0014658207492349155,0.0173525506297445,3,True,0.35154232604073354,0.4068455853753403,0.4093224821361221,0.17079512227538543,0.4730790016029311
rsp+participation+dispersion+correlation,4,rsp_relative_return|sector_positive_participation|sector_return_dispersion|sector_average_correlation_20d,25,0.34991621111975874,0.008077279324380297,0.01620322641135702,3,True,0.3529676015615133,0.40412290937378453,0.39413337369543894,0.1799697372018354,0.4756455224620019
rsp+participation+volume,3,rsp_relative_return|sector_positive_participation|sector_volume_breadth,24,0.34969056500390727,0.007558635965559466,0.015977580295505556,3,True,0.35069178691223946,0.3897316219369895,0.374663520123864,0.21270398668758314,0.46170418820027476
correlation,1,sector_average_correlation_20d,22,0.34917569433079226,0.0073147945432228976,0.015462709622390547,3,True,0.355097076553091,0.3881758070789576,0.42178351235223094,0.21002183846376765,0.4157217321763782
rsp+participation+dispersion+volume,4,rsp_relative_return|sector_positive_participation|sector_return_dispersion|sector_volume_breadth,25,0.34824817488266196,0.013974557993955637,0.014535190174260249,2,True,0.35049301312465936,0.3986775573706729,0.3885430770813145,0.1935884204369499,0.4626130271297216
dispersion+correlation+volume,3,sector_return_dispersion|sector_average_correlation_20d|sector_volume_breadth,24,0.3464978636656144,0.01487708397184038,0.012784878957212698,2,True,0.348964048779554,0.3854531310774018,0.38225511162956477,0.2015793833296244,0.4556590960376541
participation+correlation,2,sector_positive_participation|sector_average_correlation_20d,23,0.34649279435504227,0.016614873397807928,0.01277980964664055,2,True,0.3479016658430451,0.3955659276546091,0.4080999538686206,0.18018696279565846,0.45119146640084784
rsp+correlation,2,rsp_relative_return|sector_average_correlation_20d,23,0.344452376664322,0.0137764768535878,0.010739391955920274,2,True,0.3480852193283565,0.3959548813691171,0.398284567861751,0.17020697790896633,0.46486558422224883
rsp+dispersion,2,rsp_relative_return|sector_return_dispersion,23,0.3435749971223532,0.017301702991616708,0.00986201241395146,2,True,0.3453717395606685,0.39789964994165694,0.4135488344154212,0.16177231575943551,0.455403841192203
dispersion+volume,2,sector_return_dispersion|sector_volume_breadth,23,0.3435081357083632,0.00894619933805511,0.009795150999961477,2,True,0.34415551310644693,0.3893426682224816,0.3769537516122017,0.18847232464919808,0.46509833086368974
participation+dispersion+correlation,3,sector_positive_participation|sector_return_dispersion|sector_average_correlation_20d,24,0.34290449404955886,0.023117711622511097,0.009191509341157145,2,True,0.3495730162953195,0.39128743679502137,0.4198295836600981,0.1883765510517981,0.42050734743678037
rsp+participation+dispersion+correlation+volume,5,rsp_relative_return|sector_positive_participation|sector_return_dispersion|sector_average_correlation_20d|sector_volume_breadth,26,0.3428122775305744,0.0056664647994861235,0.0090992928221727,3,True,0.34640816207662345,0.3908984830805134,0.4114761075184154,0.17710067710067712,0.43986004797263073
dispersion+correlation,2,sector_return_dispersion|sector_average_correlation_20d,23,0.34152279605911257,0.012591897164068493,0.007809811350710849,2,True,0.3439231568681529,0.3908984830805135,0.38330851159471085,0.18477184800635893,0.4564880285762681
correlation+volume,2,sector_average_correlation_20d|sector_volume_breadth,23,0.3380581926987563,0.016912292046698633,0.004345207990354594,1,False,0.33985950393304293,0.38584208479190973,0.3928451009943117,0.17599115899986184,0.4453383181020955
baseline,0,,21,0.3337129847084017,0.007737343142822767,0.0,0,False,0.3416524083120412,0.37806301050175034,0.41336325643404415,0.18167414308718657,0.4061015546039744
rsp+correlation+volume,3,rsp_relative_return|sector_average_correlation_20d|sector_volume_breadth,24,0.33323172548976115,0.008608011142450286,-0.00048125921864056176,1,False,0.33570712554796095,0.38467522364838586,0.3661297986760044,0.1658042846768337,0.46776109311644526
rsp+dispersion+correlation,3,rsp_relative_return|sector_return_dispersion|sector_average_correlation_20d,24,0.3259040452787769,0.01933912004799147,-0.007808939429624795,1,False,0.32964040572520065,0.3772851030727343,0.40324560299683476,0.15522182325678088,0.419244709582715
